idx,lat,lon,sum_mm,days_complete
74,49.0647,13.93094,30.0,26
75,49.0647,14.03874,42.9,26
76,49.0647,14.14653,41.6,26
77,49.0647,14.25433,60.8,26
78,49.0647,14.36213,35.8,26
79,49.0647,14.46993,32.1,26
80,49.0647,14.57773,35.8,26
81,49.0647,14.68552,32.0,26
82,49.0647,14.79332,35.8,26
83,49.0647,14.90112,62.8,26
84,49.0647,15.00892,50.2,26
85,49.0647,15.11671,40.4,26
86,49.0647,15.22451,65.5,26
87,49.0647,15.33231,49.8,26
88,49.0647,15.44011,46.6,26
89,49.0647,15.54791,45.3,26
90,49.0647,15.6557,39.6,26
91,49.0647,15.7635,49.0,26
92,49.0647,15.8713,46.0,26
93,49.0647,15.9791,61.8,26
94,49.0647,16.0869,49.8,26
95,49.0647,16.19469,40.4,26
96,49.0647,16.30249,46.5,26
97,49.0647,16.41029,54.5,26
98,49.0647,16.51809,54.6,26
99,49.0647,16.62588,36.3,26
100,49.0647,16.73368,42.7,26
101,49.0647,16.84148,34.5,26
102,49.0647,16.94928,43.6,26
103,49.0647,17.05708,45.2,26
104,49.0647,17.16487,43.1,26
179,48.99402,13.93094,31.5,26
180,48.99402,14.03874,35.5,26
181,48.99402,14.14653,39.6,26
182,48.99402,14.25433,37.9,26
183,48.99402,14.36213,38.1,26
184,48.99402,14.46993,47.2,26
185,48.99402,14.57773,46.8,26
186,48.99402,14.68552,33.6,26
187,48.99402,14.79332,61.2,26
188,48.99402,14.90112,51.1,26
189,48.99402,15.00892,47.0,26
190,48.99402,15.11671,48.9,26
191,48.99402,15.22451,50.5,26
192,48.99402,15.33231,62.0,26
193,48.99402,15.44011,41.5,26
194,48.99402,15.54791,49.4,26
195,48.99402,15.6557,42.9,26
196,48.99402,15.7635,44.2,26
197,48.99402,15.8713,43.3,26
198,48.99402,15.9791,52.8,26
199,48.99402,16.0869,37.5,26
200,48.99402,16.19469,39.7,26
201,48.99402,16.30249,45.4,26
202,48.99402,16.41029,45.2,26
203,48.99402,16.51809,54.1,26
204,48.99402,16.62588,47.0,26
205,48.99402,16.73368,36.2,26
206,48.99402,16.84148,34.4,26
207,48.99402,16.94928,16.0,26
208,48.99402,17.05708,27.0,26
209,48.99402,17.16487,6.1,26
284,48.92324,13.93094,38.6,26
285,48.92324,14.03874,47.4,26
286,48.92324,14.14653,41.3,26
287,48.92324,14.25433,34.9,26
288,48.92324,14.36213,42.4,26
289,48.92324,14.46993,41.4,26
290,48.92324,14.57773,50.5,26
291,48.92324,14.68552,54.3,26
292,48.92324,14.79332,46.9,26
293,48.92324,14.90112,43.5,26
294,48.92324,15.00892,43.1,26
295,48.92324,15.11671,52.4,26
296,48.92324,15.22451,58.4,26
297,48.92324,15.33231,52.5,26
298,48.92324,15.44011,44.2,26
299,48.92324,15.54791,49.7,26
300,48.92324,15.6557,41.6,26
301,48.92324,15.7635,53.0,26
302,48.92324,15.8713,39.5,26
303,48.92324,15.9791,43.5,26
304,48.92324,16.0869,49.0,26
305,48.92324,16.19469,45.4,26
306,48.92324,16.30249,36.7,26
307,48.92324,16.41029,43.9,26
308,48.92324,16.51809,48.8,26
309,48.92324,16.62588,44.2,26
310,48.92324,16.73368,27.0,26
311,48.92324,16.84148,44.0,26
312,48.92324,16.94928,15.6,26
313,48.92324,17.05708,33.5,26
314,48.92324,17.16487,5.2,26
389,48.85236,13.93094,47.6,26
390,48.85236,14.03874,44.8,26
391,48.85236,14.14653,32.6,26
392,48.85236,14.25433,39.5,26
393,48.85236,14.36213,46.8,26
394,48.85236,14.46993,47.4,26
395,48.85236,14.57773,41.8,26
396,48.85236,14.68552,42.7,26
397,48.85236,14.79332,41.6,26
398,48.85236,14.90112,44.3,26
399,48.85236,15.00892,57.2,26
400,48.85236,15.11671,61.3,26
401,48.85236,15.22451,68.1,26
402,48.85236,15.33231,61.0,26
403,48.85236,15.44011,47.4,26
404,48.85236,15.54791,42.8,26
405,48.85236,15.6557,46.4,26
406,48.85236,15.7635,35.9,26
407,48.85236,15.8713,38.4,26
408,48.85236,15.9791,43.2,26
409,48.85236,16.0869,36.8,26
410,48.85236,16.19469,43.6,26
411,48.85236,16.30249,41.8,26
412,48.85236,16.41029,48.0,26
413,48.85236,16.51809,36.0,26
414,48.85236,16.62588,37.7,26
415,48.85236,16.73368,29.0,26
416,48.85236,16.84148,13.5,26
417,48.85236,16.94928,20.2,26
418,48.85236,17.05708,28.6,26
419,48.85236,17.16487,4.5,26
494,48.78137,13.93094,36.8,26
495,48.78137,14.03874,39.5,26
496,48.78137,14.14653,39.9,26
497,48.78137,14.25433,45.9,26
498,48.78137,14.36213,52.5,26
499,48.78137,14.46993,45.9,26
500,48.78137,14.57773,51.1,26
501,48.78137,14.68552,41.3,26
502,48.78137,14.79332,46.0,26
503,48.78137,14.90112,48.5,26
504,48.78137,15.00892,56.2,26
505,48.78137,15.11671,60.2,26
506,48.78137,15.22451,56.8,26
507,48.78137,15.33231,52.5,26
508,48.78137,15.44011,51.2,26
509,48.78137,15.54791,157.6,26
510,48.78137,15.6557,54.0,26
511,48.78137,15.7635,56.2,26
512,48.78137,15.8713,38.4,26
513,48.78137,15.9791,27.1,26
514,48.78137,16.0869,35.0,26
515,48.78137,16.19469,37.5,26
516,48.78137,16.30249,39.9,26
517,48.78137,16.41029,54.7,26
518,48.78137,16.51809,48.6,26
519,48.78137,16.62588,32.1,26
520,48.78137,16.73368,48.8,26
521,48.78137,16.84148,32.9,26
522,48.78137,16.94928,24.0,26
523,48.78137,17.05708,29.9,26
524,48.78137,17.16487,4.1,26
598,48.71029,13.82314,45.8,26
599,48.71029,13.93094,46.9,26
600,48.71029,14.03874,37.3,26
601,48.71029,14.14653,45.3,26
602,48.71029,14.25433,50.1,26
603,48.71029,14.36213,54.4,26
604,48.71029,14.46993,54.0,26
605,48.71029,14.57773,63.4,26
606,48.71029,14.68552,57.6,26
607,48.71029,14.79332,57.3,26
608,48.71029,14.90112,49.1,26
609,48.71029,15.00892,70.9,26
610,48.71029,15.11671,62.0,26
611,48.71029,15.22451,49.7,26
612,48.71029,15.33231,43.1,26
613,48.71029,15.44011,45.7,26
614,48.71029,15.54791,51.1,26
615,48.71029,15.6557,46.9,26
616,48.71029,15.7635,32.2,26
617,48.71029,15.8713,34.1,26
618,48.71029,15.9791,31.5,26
619,48.71029,16.0869,40.3,26
620,48.71029,16.19469,41.8,26
621,48.71029,16.30249,60.4,26
622,48.71029,16.41029,51.3,26
623,48.71029,16.51809,50.6,26
624,48.71029,16.62588,76.5,26
625,48.71029,16.73368,50.9,26
626,48.71029,16.84148,30.3,26
627,48.71029,16.94928,26.9,26
628,48.71029,17.05708,23.8,26
629,48.71029,17.16487,4.4,26
702,48.63911,13.71534,55.3,26
703,48.63911,13.82314,51.1,26
704,48.63911,13.93094,38.6,26
705,48.63911,14.03874,39.8,26
706,48.63911,14.14653,47.3,26
707,48.63911,14.25433,57.7,26
708,48.63911,14.36213,65.3,26
709,48.63911,14.46993,60.4,26
710,48.63911,14.57773,61.4,26
711,48.63911,14.68552,68.2,26
712,48.63911,14.79332,68.9,26
713,48.63911,14.90112,76.0,26
714,48.63911,15.00892,67.5,26
715,48.63911,15.11671,52.4,26
716,48.63911,15.22451,48.9,26
717,48.63911,15.33231,55.2,26
718,48.63911,15.44011,45.3,26
719,48.63911,15.54791,69.1,26
720,48.63911,15.6557,38.7,26
721,48.63911,15.7635,33.8,26
722,48.63911,15.8713,39.1,26
723,48.63911,15.9791,43.3,26
724,48.63911,16.0869,38.5,26
725,48.63911,16.19469,52.1,26
726,48.63911,16.30249,45.5,26
727,48.63911,16.41029,251.6,26
728,48.63911,16.51809,36.0,26
729,48.63911,16.62588,23.2,26
730,48.63911,16.73368,32.7,26
731,48.63911,16.84148,49.8,26
732,48.63911,16.94928,23.3,26
733,48.63911,17.05708,10.9,26
734,48.63911,17.16487,5.6,26
805,48.56783,13.49975,71.9,26
806,48.56783,13.60755,65.7,26
807,48.56783,13.71534,70.2,26
808,48.56783,13.82314,59.9,26
809,48.56783,13.93094,50.8,26
810,48.56783,14.03874,56.2,26
811,48.56783,14.14653,68.2,26
812,48.56783,14.25433,62.3,26
813,48.56783,14.36213,67.2,26
814,48.56783,14.46993,78.1,26
815,48.56783,14.57773,78.5,26
816,48.56783,14.68552,89.6,26
817,48.56783,14.79332,86.5,26
818,48.56783,14.90112,62.8,26
819,48.56783,15.00892,53.3,26
820,48.56783,15.11671,54.4,26
821,48.56783,15.22451,51.0,26
822,48.56783,15.33231,67.3,26
823,48.56783,15.44011,57.6,26
824,48.56783,15.54791,93.7,26
825,48.56783,15.6557,47.5,26
826,48.56783,15.7635,41.9,26
827,48.56783,15.8713,36.1,26
828,48.56783,15.9791,33.4,26
829,48.56783,16.0869,42.1,26
830,48.56783,16.19469,50.0,26
831,48.56783,16.30249,48.2,26
832,48.56783,16.41029,54.5,26
833,48.56783,16.51809,44.0,26
834,48.56783,16.62588,42.2,26
835,48.56783,16.73368,33.9,26
836,48.56783,16.84148,28.5,26
837,48.56783,16.94928,29.1,26
838,48.56783,17.05708,9.5,26
839,48.56783,17.16487,4.0,26
909,48.49644,13.39195,112.5,26
910,48.49644,13.49975,85.4,26
911,48.49644,13.60755,98.3,26
912,48.49644,13.71534,89.2,26
913,48.49644,13.82314,74.2,26
914,48.49644,13.93094,56.7,26
915,48.49644,14.03874,81.5,26
916,48.49644,14.14653,82.9,26
917,48.49644,14.25433,65.6,26
918,48.49644,14.36213,76.8,26
919,48.49644,14.46993,97.7,26
920,48.49644,14.57773,84.9,26
921,48.49644,14.68552,82.1,26
922,48.49644,14.79332,83.9,26
923,48.49644,14.90112,53.9,26
924,48.49644,15.00892,50.3,26
925,48.49644,15.11671,54.8,26
926,48.49644,15.22451,52.4,26
927,48.49644,15.33231,58.0,26
928,48.49644,15.44011,54.4,26
929,48.49644,15.54791,50.9,26
930,48.49644,15.6557,88.6,26
931,48.49644,15.7635,41.6,26
932,48.49644,15.8713,42.1,26
933,48.49644,15.9791,47.7,26
934,48.49644,16.0869,37.6,26
935,48.49644,16.19469,50.2,26
936,48.49644,16.30249,57.9,26
937,48.49644,16.41029,47.3,26
938,48.49644,16.51809,151.7,26
939,48.49644,16.62588,36.7,26
940,48.49644,16.73368,29.4,26
941,48.49644,16.84148,25.6,26
942,48.49644,16.94928,26.9,26
943,48.49644,17.05708,20.9,26
944,48.49644,17.16487,3.6,26
1013,48.42496,13.28415,63.3,26
1014,48.42496,13.39195,70.2,26
1015,48.42496,13.49975,67.4,26
1016,48.42496,13.60755,71.0,26
1017,48.42496,13.71534,82.8,26
1018,48.42496,13.82314,69.0,26
1019,48.42496,13.93094,73.1,26
1020,48.42496,14.03874,72.0,26
1021,48.42496,14.14653,90.5,26
1022,48.42496,14.25433,90.3,26
1023,48.42496,14.36213,102.0,26
1024,48.42496,14.46993,90.4,26
1025,48.42496,14.57773,89.8,26
1026,48.42496,14.68552,74.4,26
1027,48.42496,14.79332,54.8,26
1028,48.42496,14.90112,55.4,26
1029,48.42496,15.00892,59.9,26
1030,48.42496,15.11671,83.9,26
1031,48.42496,15.22451,52.6,26
1032,48.42496,15.33231,51.1,26
1033,48.42496,15.44011,74.1,26
1034,48.42496,15.54791,66.3,26
1035,48.42496,15.6557,61.3,26
1036,48.42496,15.7635,53.2,26
1037,48.42496,15.8713,50.6,26
1038,48.42496,15.9791,86.0,26
1039,48.42496,16.0869,51.6,26
1040,48.42496,16.19469,62.0,26
1041,48.42496,16.30249,147.9,26
1042,48.42496,16.41029,57.2,26
1043,48.42496,16.51809,55.7,26
1044,48.42496,16.62588,56.5,26
1045,48.42496,16.73368,39.0,26
1046,48.42496,16.84148,40.5,26
1047,48.42496,16.94928,22.8,26
1048,48.42496,17.05708,19.3,26
1049,48.42496,17.16487,2.8,26
1117,48.35337,13.17635,54.2,26
1118,48.35337,13.28415,92.3,26
1119,48.35337,13.39195,72.2,26
1120,48.35337,13.49975,66.7,26
1121,48.35337,13.60755,68.2,26
1122,48.35337,13.71534,89.7,26
1123,48.35337,13.82314,99.9,26
1124,48.35337,13.93094,83.0,26
1125,48.35337,14.03874,100.2,26
1126,48.35337,14.14653,115.0,26
1127,48.35337,14.25433,135.7,26
1128,48.35337,14.36213,107.1,26
1129,48.35337,14.46993,116.1,26
1130,48.35337,14.57773,99.9,26
1131,48.35337,14.68552,79.2,26
1132,48.35337,14.79332,74.9,26
1133,48.35337,14.90112,73.2,26
1134,48.35337,15.00892,82.2,26
1135,48.35337,15.11671,60.4,26
1136,48.35337,15.22451,78.9,26
1137,48.35337,15.33231,65.6,26
1138,48.35337,15.44011,54.1,26
1139,48.35337,15.54791,78.4,26
1140,48.35337,15.6557,49.0,26
1141,48.35337,15.7635,78.0,26
1142,48.35337,15.8713,65.5,26
1143,48.35337,15.9791,69.1,26
1144,48.35337,16.0869,57.8,26
1145,48.35337,16.19469,88.6,26
1146,48.35337,16.30249,80.3,26
1147,48.35337,16.41029,63.7,26
1148,48.35337,16.51809,18.7,26
1149,48.35337,16.62588,43.0,26
1150,48.35337,16.73368,30.6,26
1151,48.35337,16.84148,23.8,26
1152,48.35337,16.94928,22.8,26
1153,48.35337,17.05708,19.0,26
1154,48.35337,17.16487,3.5,26
1221,48.28169,13.06856,58.5,26
1222,48.28169,13.17635,77.8,26
1223,48.28169,13.28415,56.6,26
1224,48.28169,13.39195,91.5,26
1225,48.28169,13.49975,69.8,26
1226,48.28169,13.60755,82.5,26
1227,48.28169,13.71534,102.2,26
1228,48.28169,13.82314,108.4,26
1229,48.28169,13.93094,165.0,26
1230,48.28169,14.03874,126.5,26
1231,48.28169,14.14653,211.1,26
1232,48.28169,14.25433,137.5,26
1233,48.28169,14.36213,108.3,26
1234,48.28169,14.46993,110.0,26
1235,48.28169,14.57773,93.1,26
1236,48.28169,14.68552,84.6,26
1237,48.28169,14.79332,71.2,26
1238,48.28169,14.90112,89.4,26
1239,48.28169,15.00892,61.5,26
1240,48.28169,15.11671,64.3,26
1241,48.28169,15.22451,58.2,26
1242,48.28169,15.33231,54.5,26
1243,48.28169,15.44011,56.0,26
1244,48.28169,15.54791,96.2,26
1245,48.28169,15.6557,81.8,26
1246,48.28169,15.7635,70.1,26
1247,48.28169,15.8713,80.3,26
1248,48.28169,15.9791,65.8,26
1249,48.28169,16.0869,61.7,26
1250,48.28169,16.19469,79.6,26
1251,48.28169,16.30249,58.9,26
1252,48.28169,16.41029,45.7,26
1253,48.28169,16.51809,33.6,26
1254,48.28169,16.62588,41.1,26
1255,48.28169,16.73368,37.6,26
1256,48.28169,16.84148,29.1,26
1257,48.28169,16.94928,42.2,26
1258,48.28169,17.05708,25.3,26
1259,48.28169,17.16487,0.0,26
1326,48.2099,13.06856,67.3,26
1327,48.2099,13.17635,78.4,26
1328,48.2099,13.28415,72.9,26
1329,48.2099,13.39195,60.3,26
1330,48.2099,13.49975,59.4,26
1331,48.2099,13.60755,62.0,26
1332,48.2099,13.71534,63.3,26
1333,48.2099,13.82314,120.5,26
1334,48.2099,13.93094,96.0,26
1335,48.2099,14.03874,103.6,26
1336,48.2099,14.14653,129.5,26
1337,48.2099,14.25433,112.8,26
1338,48.2099,14.36213,113.1,26
1339,48.2099,14.46993,90.8,26
1340,48.2099,14.57773,78.4,26
1341,48.2099,14.68552,92.9,26
1342,48.2099,14.79332,76.8,26
1343,48.2099,14.90112,76.9,26
1344,48.2099,15.00892,62.2,26
1345,48.2099,15.11671,63.4,26
1346,48.2099,15.22451,66.2,26
1347,48.2099,15.33231,58.1,26
1348,48.2099,15.44011,53.2,26
1349,48.2099,15.54791,60.1,26
1350,48.2099,15.6557,66.4,26
1351,48.2099,15.7635,75.9,26
1352,48.2099,15.8713,65.4,26
1353,48.2099,15.9791,68.5,26
1354,48.2099,16.0869,80.1,26
1355,48.2099,16.19469,65.3,26
1356,48.2099,16.30249,68.3,26
1357,48.2099,16.41029,0.2,26
1358,48.2099,16.51809,20.7,26
1359,48.2099,16.62588,30.3,26
1360,48.2099,16.73368,41.8,26
1361,48.2099,16.84148,37.7,26
1362,48.2099,16.94928,24.1,26
1363,48.2099,17.05708,40.2,26
1364,48.2099,17.16487,13.9,26
1431,48.13801,13.06856,74.3,26
1432,48.13801,13.17635,55.1,26
1433,48.13801,13.28415,67.6,26
1434,48.13801,13.39195,65.9,26
1435,48.13801,13.49975,58.0,26
1436,48.13801,13.60755,61.2,26
1437,48.13801,13.71534,75.0,26
1438,48.13801,13.82314,81.3,26
1439,48.13801,13.93094,105.3,26
1440,48.13801,14.03874,110.9,26
1441,48.13801,14.14653,129.5,26
1442,48.13801,14.25433,113.5,26
1443,48.13801,14.36213,110.7,26
1444,48.13801,14.46993,63.0,26
1445,48.13801,14.57773,74.3,26
1446,48.13801,14.68552,68.8,26
1447,48.13801,14.79332,73.4,26
1448,48.13801,14.90112,61.8,26
1449,48.13801,15.00892,62.2,26
1450,48.13801,15.11671,60.2,26
1451,48.13801,15.22451,57.4,26
1452,48.13801,15.33231,55.8,26
1453,48.13801,15.44011,55.2,26
1454,48.13801,15.54791,56.0,26
1455,48.13801,15.6557,76.3,26
1456,48.13801,15.7635,74.2,26
1457,48.13801,15.8713,72.2,26
1458,48.13801,15.9791,83.6,26
1459,48.13801,16.0869,82.3,26
1460,48.13801,16.19469,51.4,26
1461,48.13801,16.30249,32.6,26
1462,48.13801,16.41029,13.8,26
1463,48.13801,16.51809,70.1,26
1464,48.13801,16.62588,21.8,26
1465,48.13801,16.73368,34.2,26
1466,48.13801,16.84148,30.1,26
1467,48.13801,16.94928,26.5,26
1468,48.13801,17.05708,26.7,26
1469,48.13801,17.16487,9.7,26
1536,48.06603,13.06856,51.7,26
1537,48.06603,13.17635,57.6,26
1538,48.06603,13.28415,51.5,26
1539,48.06603,13.39195,67.4,26
1540,48.06603,13.49975,66.7,26
1541,48.06603,13.60755,84.7,26
1542,48.06603,13.71534,88.1,26
1543,48.06603,13.82314,98.3,26
1544,48.06603,13.93094,103.4,26
1545,48.06603,14.03874,115.4,26
1546,48.06603,14.14653,97.6,26
1547,48.06603,14.25433,86.2,26
1548,48.06603,14.36213,97.8,26
1549,48.06603,14.46993,61.7,26
1550,48.06603,14.57773,87.3,26
1551,48.06603,14.68552,85.2,26
1552,48.06603,14.79332,82.5,26
1553,48.06603,14.90112,67.0,26
1554,48.06603,15.00892,64.5,26
1555,48.06603,15.11671,67.4,26
1556,48.06603,15.22451,70.4,26
1557,48.06603,15.33231,75.1,26
1558,48.06603,15.44011,69.0,26
1559,48.06603,15.54791,89.0,26
1560,48.06603,15.6557,77.5,26
1561,48.06603,15.7635,75.1,26
1562,48.06603,15.8713,100.6,26
1563,48.06603,15.9791,234.9,26
1564,48.06603,16.0869,70.9,26
1565,48.06603,16.19469,67.0,26
1566,48.06603,16.30249,24.6,26
1567,48.06603,16.41029,24.7,26
1568,48.06603,16.51809,31.3,26
1569,48.06603,16.62588,28.6,26
1570,48.06603,16.73368,45.3,26
1571,48.06603,16.84148,122.4,26
1572,48.06603,16.94928,38.3,26
1573,48.06603,17.05708,28.5,26
1574,48.06603,17.16487,8.2,26
1641,47.99394,13.06856,46.1,26
1642,47.99394,13.17635,52.8,26
1643,47.99394,13.28415,59.5,26
1644,47.99394,13.39195,68.6,26
1645,47.99394,13.49975,73.9,26
1646,47.99394,13.60755,87.1,26
1647,47.99394,13.71534,99.2,26
1648,47.99394,13.82314,109.1,26
1649,47.99394,13.93094,98.8,26
1650,47.99394,14.03874,88.8,26
1651,47.99394,14.14653,118.7,26
1652,47.99394,14.25433,101.3,26
1653,47.99394,14.36213,67.3,26
1654,47.99394,14.46993,75.0,26
1655,47.99394,14.57773,94.8,26
1656,47.99394,14.68552,89.2,26
1657,47.99394,14.79332,92.1,26
1658,47.99394,14.90112,87.6,26
1659,47.99394,15.00892,81.8,26
1660,47.99394,15.11671,70.0,26
1661,47.99394,15.22451,94.5,26
1662,47.99394,15.33231,87.1,26
1663,47.99394,15.44011,87.8,26
1664,47.99394,15.54791,86.6,26
1665,47.99394,15.6557,100.9,26
1666,47.99394,15.7635,104.0,26
1667,47.99394,15.8713,166.9,26
1668,47.99394,15.9791,277.9,26
1669,47.99394,16.0869,78.9,26
1670,47.99394,16.19469,25.5,26
1671,47.99394,16.30249,19.6,26
1672,47.99394,16.41029,22.5,26
1673,47.99394,16.51809,21.6,26
1674,47.99394,16.62588,18.9,26
1675,47.99394,16.73368,26.2,26
1676,47.99394,16.84148,25.1,26
1677,47.99394,16.94928,33.0,26
1678,47.99394,17.05708,31.8,26
1679,47.99394,17.16487,11.6,26
1746,47.92175,13.06856,65.6,26
1747,47.92175,13.17635,70.5,26
1748,47.92175,13.28415,65.4,26
1749,47.92175,13.39195,74.2,26
1750,47.92175,13.49975,94.0,26
1751,47.92175,13.60755,94.7,26
1752,47.92175,13.71534,112.7,26
1753,47.92175,13.82314,100.5,26
1754,47.92175,13.93094,110.6,26
1755,47.92175,14.03874,108.1,26
1756,47.92175,14.14653,95.8,26
1757,47.92175,14.25433,85.5,26
1758,47.92175,14.36213,80.4,26
1759,47.92175,14.46993,79.6,26
1760,47.92175,14.57773,115.0,26
1761,47.92175,14.68552,99.6,26
1762,47.92175,14.79332,94.0,26
1763,47.92175,14.90112,104.3,26
1764,47.92175,15.00892,83.7,26
1765,47.92175,15.11671,76.5,26
1766,47.92175,15.22451,90.1,26
1767,47.92175,15.33231,80.5,26
1768,47.92175,15.44011,92.2,26
1769,47.92175,15.54791,79.9,26
1770,47.92175,15.6557,89.0,26
1771,47.92175,15.7635,71.3,26
1772,47.92175,15.8713,63.1,26
1773,47.92175,15.9791,67.6,26
1774,47.92175,16.0869,44.1,26
1775,47.92175,16.19469,31.1,26
1776,47.92175,16.30249,19.4,26
1777,47.92175,16.41029,31.3,26
1778,47.92175,16.51809,23.2,26
1779,47.92175,16.62588,31.5,26
1780,47.92175,16.73368,33.4,26
1781,47.92175,16.84148,22.6,26
1782,47.92175,16.94928,33.0,26
1783,47.92175,17.05708,44.6,26
1784,47.92175,17.16487,13.4,26
1851,47.84946,13.06856,62.9,26
1852,47.84946,13.17635,73.2,26
1853,47.84946,13.28415,94.4,26
1854,47.84946,13.39195,83.7,26
1855,47.84946,13.49975,88.9,26
1856,47.84946,13.60755,126.1,26
1857,47.84946,13.71534,126.2,26
1858,47.84946,13.82314,120.6,26
1859,47.84946,13.93094,122.4,26
1860,47.84946,14.03874,115.0,26
1861,47.84946,14.14653,91.2,26
1862,47.84946,14.25433,68.8,26
1863,47.84946,14.36213,77.3,26
1864,47.84946,14.46993,92.3,26
1865,47.84946,14.57773,109.1,26
1866,47.84946,14.68552,96.4,26
1867,47.84946,14.79332,105.8,26
1868,47.84946,14.90112,121.3,26
1869,47.84946,15.00892,87.7,26
1870,47.84946,15.11671,108.7,26
1871,47.84946,15.22451,105.8,26
1872,47.84946,15.33231,92.7,26
1873,47.84946,15.44011,77.2,26
1874,47.84946,15.54791,99.7,26
1875,47.84946,15.6557,104.2,26
1876,47.84946,15.7635,59.6,26
1877,47.84946,15.8713,51.2,26
1878,47.84946,15.9791,43.6,26
1879,47.84946,16.0869,25.5,26
1880,47.84946,16.19469,26.1,26
1881,47.84946,16.30249,16.1,26
1882,47.84946,16.41029,41.3,26
1883,47.84946,16.51809,35.7,26
1884,47.84946,16.62588,39.7,26
1885,47.84946,16.73368,44.8,26
1886,47.84946,16.84148,29.1,26
1887,47.84946,16.94928,26.9,26
1888,47.84946,17.05708,26.6,26
1889,47.84946,17.16487,24.3,26
1955,47.77707,12.96076,78.0,26
1956,47.77707,13.06856,96.3,26
1957,47.77707,13.17635,81.4,26
1958,47.77707,13.28415,58.6,26
1959,47.77707,13.39195,104.7,26
1960,47.77707,13.49975,100.7,26
1961,47.77707,13.60755,52.2,26
1962,47.77707,13.71534,135.9,26
1963,47.77707,13.82314,98.2,26
1964,47.77707,13.93094,104.2,26
1965,47.77707,14.03874,83.3,26
1966,47.77707,14.14653,70.2,26
1967,47.77707,14.25433,51.3,26
1968,47.77707,14.36213,47.6,26
1969,47.77707,14.46993,63.0,26
1970,47.77707,14.57773,86.6,26
1971,47.77707,14.68552,82.4,26
1972,47.77707,14.79332,115.9,26
1973,47.77707,14.90112,107.8,26
1974,47.77707,15.00892,92.5,26
1975,47.77707,15.11671,120.5,26
1976,47.77707,15.22451,115.4,26
1977,47.77707,15.33231,67.0,26
1978,47.77707,15.44011,109.8,26
1979,47.77707,15.54791,103.1,26
1980,47.77707,15.6557,61.8,26
1981,47.77707,15.7635,57.5,26
1982,47.77707,15.8713,50.7,26
1983,47.77707,15.9791,29.3,26
1984,47.77707,16.0869,28.4,26
1985,47.77707,16.19469,24.5,26
1986,47.77707,16.30249,38.0,26
1987,47.77707,16.41029,36.6,26
1988,47.77707,16.51809,22.5,26
1989,47.77707,16.62588,29.0,26
1990,47.77707,16.73368,25.2,26
1991,47.77707,16.84148,21.5,26
1992,47.77707,16.94928,16.8,26
1993,47.77707,17.05708,17.9,26
1994,47.77707,17.16487,10.5,26
2059,47.70457,12.85296,179.0,26
2060,47.70457,12.96076,64.4,26
2061,47.70457,13.06856,62.7,26
2062,47.70457,13.17635,114.7,26
2063,47.70457,13.28415,28.7,26
2064,47.70457,13.39195,121.2,26
2065,47.70457,13.49975,94.2,26
2066,47.70457,13.60755,90.6,26
2067,47.70457,13.71534,99.4,26
2068,47.70457,13.82314,52.7,26
2069,47.70457,13.93094,120.8,26
2070,47.70457,14.03874,92.5,26
2071,47.70457,14.14653,96.4,26
2072,47.70457,14.25433,35.1,26
2073,47.70457,14.36213,55.1,26
2074,47.70457,14.46993,84.1,26
2075,47.70457,14.57773,89.1,26
2076,47.70457,14.68552,92.9,26
2077,47.70457,14.79332,97.0,26
2078,47.70457,14.90112,82.8,26
2079,47.70457,15.00892,98.7,26
2080,47.70457,15.11671,114.1,26
2081,47.70457,15.22451,77.1,26
2082,47.70457,15.33231,70.9,26
2083,47.70457,15.44011,62.9,26
2084,47.70457,15.54791,60.7,26
2085,47.70457,15.6557,76.6,26
2086,47.70457,15.7635,45.6,26
2087,47.70457,15.8713,71.5,26
2088,47.70457,15.9791,13.3,26
2089,47.70457,16.0869,26.5,26
2090,47.70457,16.19469,35.3,26
2091,47.70457,16.30249,34.4,26
2092,47.70457,16.41029,20.5,26
2093,47.70457,16.51809,31.2,26
2094,47.70457,16.62588,13.1,26
2095,47.70457,16.73368,23.4,26
2096,47.70457,16.84148,28.7,26
2097,47.70457,16.94928,22.2,26
2098,47.70457,17.05708,29.6,26
2099,47.70457,17.16487,12.1,26
2126,47.63198,8.75664,16.5,26
2127,47.63198,8.86444,16.6,26
2128,47.63198,8.97224,15.3,26
2129,47.63198,9.08004,26.8,26
2130,47.63198,9.18783,33.8,26
2131,47.63198,9.29563,32.9,26
2160,47.63198,12.42177,98.1,26
2161,47.63198,12.52957,72.7,26
2162,47.63198,12.63736,75.3,26
2163,47.63198,12.74516,75.1,26
2164,47.63198,12.85296,84.4,26
2165,47.63198,12.96076,179.8,26
2166,47.63198,13.06856,144.7,26
2167,47.63198,13.17635,76.5,26
2168,47.63198,13.28415,31.4,26
2169,47.63198,13.39195,112.7,26
2170,47.63198,13.49975,85.8,26
2171,47.63198,13.60755,109.1,26
2172,47.63198,13.71534,73.0,26
2173,47.63198,13.82314,89.3,26
2174,47.63198,13.93094,86.4,26
2175,47.63198,14.03874,80.1,26
2176,47.63198,14.14653,68.0,26
2177,47.63198,14.25433,34.8,26
2178,47.63198,14.36213,31.6,26
2179,47.63198,14.46993,50.4,26
2180,47.63198,14.57773,76.9,26
2181,47.63198,14.68552,90.3,26
2182,47.63198,14.79332,67.2,26
2183,47.63198,14.90112,99.8,26
2184,47.63198,15.00892,120.5,26
2185,47.63198,15.11671,103.9,26
2186,47.63198,15.22451,71.6,26
2187,47.63198,15.33231,52.9,26
2188,47.63198,15.44011,67.2,26
2189,47.63198,15.54791,76.9,26
2190,47.63198,15.6557,49.2,26
2191,47.63198,15.7635,30.9,26
2192,47.63198,15.8713,29.0,26
2193,47.63198,15.9791,22.9,26
2194,47.63198,16.0869,29.8,26
2195,47.63198,16.19469,38.5,26
2196,47.63198,16.30249,40.8,26
2197,47.63198,16.41029,40.5,26
2198,47.63198,16.51809,32.6,26
2199,47.63198,16.62588,40.8,26
2200,47.63198,16.73368,25.1,26
2201,47.63198,16.84148,35.4,26
2202,47.63198,16.94928,20.3,26
2203,47.63198,17.05708,20.5,26
2204,47.63198,17.16487,10.6,26
2205,47.55929,5.9539,26.3,26
2206,47.55929,6.0617,35.3,26
2207,47.55929,6.16949,28.9,26
2208,47.55929,6.27729,29.3,26
2209,47.55929,6.38509,19.8,26
2210,47.55929,6.49289,26.3,26
2211,47.55929,6.60069,18.4,26
2212,47.55929,6.70848,24.0,26
2213,47.55929,6.81628,92.8,26
2214,47.55929,6.92408,22.4,26
2215,47.55929,7.03188,29.0,26
2216,47.55929,7.13968,20.8,26
2217,47.55929,7.24747,14.4,26
2218,47.55929,7.35527,22.7,26
2219,47.55929,7.46307,10.5,26
2220,47.55929,7.57087,14.4,26
2221,47.55929,7.67866,22.9,26
2222,47.55929,7.78646,30.8,26
2223,47.55929,7.89426,17.5,26
2224,47.55929,8.00206,27.1,26
2225,47.55929,8.10986,5.3,26
2226,47.55929,8.21765,8.4,26
2227,47.55929,8.32545,6.5,26
2228,47.55929,8.43325,9.3,26
2229,47.55929,8.54105,8.5,26
2230,47.55929,8.64884,11.9,26
2231,47.55929,8.75664,12.7,26
2232,47.55929,8.86444,9.9,26
2233,47.55929,8.97224,9.9,26
2234,47.55929,9.08004,36.1,26
2235,47.55929,9.18783,36.3,26
2236,47.55929,9.29563,25.7,26
2237,47.55929,9.40343,28.9,26
2238,47.55929,9.51123,32.5,26
2258,47.55929,11.66718,81.7,26
2259,47.55929,11.77498,64.6,26
2260,47.55929,11.88278,94.5,26
2261,47.55929,11.99058,108.1,26
2262,47.55929,12.09838,49.8,26
2263,47.55929,12.20617,11.3,26
2264,47.55929,12.31397,0.0,26
2265,47.55929,12.42177,113.9,26
2266,47.55929,12.52957,99.4,26
2267,47.55929,12.63736,121.5,26
2268,47.55929,12.74516,121.2,26
2269,47.55929,12.85296,192.1,26
2270,47.55929,12.96076,0.0,26
2271,47.55929,13.06856,48.4,26
2272,47.55929,13.17635,107.3,26
2273,47.55929,13.28415,75.3,26
2274,47.55929,13.39195,131.1,26
2275,47.55929,13.49975,111.4,26
2276,47.55929,13.60755,91.9,26
2277,47.55929,13.71534,85.7,26
2278,47.55929,13.82314,60.1,26
2279,47.55929,13.93094,59.5,26
2280,47.55929,14.03874,61.0,26
2281,47.55929,14.14653,56.7,26
2282,47.55929,14.25433,5.4,26
2283,47.55929,14.36213,4.8,26
2284,47.55929,14.46993,8.7,26
2285,47.55929,14.57773,11.7,26
2286,47.55929,14.68552,18.8,26
2287,47.55929,14.79332,22.3,26
2288,47.55929,14.90112,23.1,26
2289,47.55929,15.00892,20.4,26
2290,47.55929,15.11671,19.4,26
2291,47.55929,15.22451,14.7,26
2292,47.55929,15.33231,12.1,26
2293,47.55929,15.44011,12.4,26
2294,47.55929,15.54791,11.0,26
2295,47.55929,15.6557,12.8,26
2296,47.55929,15.7635,258.6,26
2297,47.55929,15.8713,11.8,26
2298,47.55929,15.9791,2.3,26
2299,47.55929,16.0869,8.4,26
2300,47.55929,16.19469,7.8,26
2301,47.55929,16.30249,8.8,26
2302,47.55929,16.41029,8.2,26
2303,47.55929,16.51809,10.0,26
2304,47.55929,16.62588,10.3,26
2305,47.55929,16.73368,10.3,26
2306,47.55929,16.84148,11.6,26
2307,47.55929,16.94928,11.1,26
2308,47.55929,17.05708,11.2,26
2309,47.55929,17.16487,12.5,26
2310,47.48649,5.9539,20.4,26
2311,47.48649,6.0617,23.8,26
2312,47.48649,6.16949,19.1,26
2313,47.48649,6.27729,17.1,26
2314,47.48649,6.38509,27.1,26
2315,47.48649,6.49289,27.4,26
2316,47.48649,6.60069,28.1,26
2317,47.48649,6.70848,18.0,26
2318,47.48649,6.81628,25.3,26
2319,47.48649,6.92408,15.8,26
2320,47.48649,7.03188,17.1,26
2321,47.48649,7.13968,10.4,26
2322,47.48649,7.24747,11.6,26
2323,47.48649,7.35527,17.5,26
2324,47.48649,7.46307,13.2,26
2325,47.48649,7.57087,21.3,26
2326,47.48649,7.67866,22.3,26
2327,47.48649,7.78646,35.5,26
2328,47.48649,7.89426,12.1,26
2329,47.48649,8.00206,8.4,26
2330,47.48649,8.10986,12.0,26
2331,47.48649,8.21765,17.7,26
2332,47.48649,8.32545,14.9,26
2333,47.48649,8.43325,6.6,26
2334,47.48649,8.54105,8.4,26
2335,47.48649,8.64884,11.8,26
2336,47.48649,8.75664,10.7,26
2337,47.48649,8.86444,22.1,26
2338,47.48649,8.97224,17.5,26
2339,47.48649,9.08004,15.6,26
2340,47.48649,9.18783,20.3,26
2341,47.48649,9.29563,39.1,26
2342,47.48649,9.40343,34.4,26
2343,47.48649,9.51123,34.3,26
2344,47.48649,9.61903,47.7,26
2345,47.48649,9.72682,37.8,26
2346,47.48649,9.83462,41.9,26
2347,47.48649,9.94242,41.6,26
2348,47.48649,10.05022,14.0,26
2353,47.48649,10.58921,72.2,26
2354,47.48649,10.697,29.8,26
2355,47.48649,10.8048,44.5,26
2362,47.48649,11.55939,94.6,26
2363,47.48649,11.66718,0.0,26
2364,47.48649,11.77498,80.4,26
2365,47.48649,11.88278,109.5,26
2366,47.48649,11.99058,83.2,26
2367,47.48649,12.09838,60.0,26
2368,47.48649,12.20617,81.3,26
2369,47.48649,12.31397,57.1,26
2370,47.48649,12.42177,159.3,26
2371,47.48649,12.52957,112.1,26
2372,47.48649,12.63736,256.8,26
2373,47.48649,12.74516,4.6,26
2374,47.48649,12.85296,223.4,26
2375,47.48649,12.96076,126.3,26
2376,47.48649,13.06856,70.2,26
2377,47.48649,13.17635,136.1,26
2378,47.48649,13.28415,87.6,26
2379,47.48649,13.39195,82.7,26
2380,47.48649,13.49975,65.9,26
2381,47.48649,13.60755,7.2,26
2382,47.48649,13.71534,77.6,26
2383,47.48649,13.82314,55.7,26
2384,47.48649,13.93094,55.0,26
2385,47.48649,14.03874,43.2,26
2386,47.48649,14.14653,37.8,26
2387,47.48649,14.25433,1.4,26
2388,47.48649,14.36213,3.9,26
2389,47.48649,14.46993,6.2,26
2390,47.48649,14.57773,18.2,26
2391,47.48649,14.68552,18.6,26
2392,47.48649,14.79332,20.8,26
2393,47.48649,14.90112,13.8,26
2394,47.48649,15.00892,16.8,26
2395,47.48649,15.11671,18.2,26
2396,47.48649,15.22451,15.3,26
2397,47.48649,15.33231,10.6,26
2398,47.48649,15.44011,15.5,26
2399,47.48649,15.54791,14.4,26
2400,47.48649,15.6557,9.1,26
2401,47.48649,15.7635,11.0,26
2402,47.48649,15.8713,1.1,26
2403,47.48649,15.9791,3.8,26
2404,47.48649,16.0869,8.2,26
2405,47.48649,16.19469,10.6,26
2406,47.48649,16.30249,7.7,26
2407,47.48649,16.41029,9.5,26
2408,47.48649,16.51809,9.6,26
2409,47.48649,16.62588,12.6,26
2410,47.48649,16.73368,13.7,26
2411,47.48649,16.84148,12.2,26
2412,47.48649,16.94928,9.8,26
2413,47.48649,17.05708,11.2,26
2414,47.48649,17.16487,11.8,26
2415,47.41359,5.9539,17.9,26
2416,47.41359,6.0617,15.7,26
2417,47.41359,6.16949,12.6,26
2418,47.41359,6.27729,19.1,26
2419,47.41359,6.38509,27.7,26
2420,47.41359,6.49289,22.8,26
2421,47.41359,6.60069,29.0,26
2422,47.41359,6.70848,25.5,26
2423,47.41359,6.81628,35.5,26
2424,47.41359,6.92408,19.4,26
2425,47.41359,7.03188,18.9,26
2426,47.41359,7.13968,8.3,26
2427,47.41359,7.24747,22.6,26
2428,47.41359,7.35527,12.8,26
2429,47.41359,7.46307,17.1,26
2430,47.41359,7.57087,16.7,26
2431,47.41359,7.67866,11.4,26
2432,47.41359,7.78646,25.3,26
2433,47.41359,7.89426,31.5,26
2434,47.41359,8.00206,18.9,26
2435,47.41359,8.10986,12.2,26
2436,47.41359,8.21765,19.9,26
2437,47.41359,8.32545,18.1,26
2438,47.41359,8.43325,8.1,26
2439,47.41359,8.54105,5.5,26
2440,47.41359,8.64884,9.6,26
2441,47.41359,8.75664,20.7,26
2442,47.41359,8.86444,15.5,26
2443,47.41359,8.97224,28.4,26
2444,47.41359,9.08004,12.7,26
2445,47.41359,9.18783,23.4,26
2446,47.41359,9.29563,45.6,26
2447,47.41359,9.40343,38.6,26
2448,47.41359,9.51123,46.8,26
2449,47.41359,9.61903,52.4,26
2450,47.41359,9.72682,44.2,26
2451,47.41359,9.83462,33.6,26
2452,47.41359,9.94242,52.4,26
2453,47.41359,10.05022,44.8,26
2454,47.41359,10.15801,43.3,26
2457,47.41359,10.48141,95.7,26
2458,47.41359,10.58921,51.7,26
2459,47.41359,10.697,51.9,26
2460,47.41359,10.8048,9.1,26
2461,47.41359,10.9126,78.4,26
2462,47.41359,11.0204,0.0,26
2463,47.41359,11.12819,67.2,26
2464,47.41359,11.23599,86.4,26
2465,47.41359,11.34379,25.8,26
2466,47.41359,11.45159,13.9,26
2467,47.41359,11.55939,18.9,26
2468,47.41359,11.66718,117.9,26
2469,47.41359,11.77498,140.8,26
2470,47.41359,11.88278,76.6,26
2471,47.41359,11.99058,88.6,26
2472,47.41359,12.09838,69.6,26
2473,47.41359,12.20617,151.0,26
2474,47.41359,12.31397,150.6,26
2475,47.41359,12.42177,61.0,26
2476,47.41359,12.52957,97.6,26
2477,47.41359,12.63736,213.1,26
2478,47.41359,12.74516,124.9,26
2479,47.41359,12.85296,135.4,26
2480,47.41359,12.96076,120.8,26
2481,47.41359,13.06856,114.4,26
2482,47.41359,13.17635,126.2,26
2483,47.41359,13.28415,136.3,26
2484,47.41359,13.39195,50.6,26
2485,47.41359,13.49975,84.0,26
2486,47.41359,13.60755,54.7,26
2487,47.41359,13.71534,88.1,26
2488,47.41359,13.82314,41.3,26
2489,47.41359,13.93094,58.4,26
2490,47.41359,14.03874,41.8,26
2491,47.41359,14.14653,2.9,26
2492,47.41359,14.25433,1.2,26
2493,47.41359,14.36213,5.1,26
2494,47.41359,14.46993,8.4,26
2495,47.41359,14.57773,16.9,26
2496,47.41359,14.68552,17.0,26
2497,47.41359,14.79332,13.9,26
2498,47.41359,14.90112,14.0,26
2499,47.41359,15.00892,15.8,26
2500,47.41359,15.11671,15.0,26
2501,47.41359,15.22451,15.5,26
2502,47.41359,15.33231,14.2,26
2503,47.41359,15.44011,12.5,26
2504,47.41359,15.54791,11.1,26
2505,47.41359,15.6557,7.1,26
2506,47.41359,15.7635,9.6,26
2507,47.41359,15.8713,7.7,26
2508,47.41359,15.9791,6.7,26
2509,47.41359,16.0869,13.9,26
2510,47.41359,16.19469,8.6,26
2511,47.41359,16.30249,5.7,26
2512,47.41359,16.41029,7.9,26
2513,47.41359,16.51809,11.9,26
2514,47.41359,16.62588,13.5,26
2515,47.41359,16.73368,12.3,26
2516,47.41359,16.84148,11.7,26
2517,47.41359,16.94928,10.0,26
2518,47.41359,17.05708,11.2,26
2519,47.41359,17.16487,11.7,26
2520,47.3406,5.9539,34.7,26
2521,47.3406,6.0617,21.3,26
2522,47.3406,6.16949,23.7,26
2523,47.3406,6.27729,27.2,26
2524,47.3406,6.38509,40.1,26
2525,47.3406,6.49289,44.0,26
2526,47.3406,6.60069,61.1,26
2527,47.3406,6.70848,53.1,26
2528,47.3406,6.81628,15.7,26
2529,47.3406,6.92408,16.6,26
2530,47.3406,7.03188,14.0,26
2531,47.3406,7.13968,17.4,26
2532,47.3406,7.24747,20.8,26
2533,47.3406,7.35527,31.9,26
2534,47.3406,7.46307,26.0,26
2535,47.3406,7.57087,18.2,26
2536,47.3406,7.67866,14.7,26
2537,47.3406,7.78646,27.9,26
2538,47.3406,7.89426,36.0,26
2539,47.3406,8.00206,36.0,26
2540,47.3406,8.10986,6.7,26
2541,47.3406,8.21765,8.0,26
2542,47.3406,8.32545,12.7,26
2543,47.3406,8.43325,8.4,26
2544,47.3406,8.54105,21.6,26
2545,47.3406,8.64884,16.0,26
2546,47.3406,8.75664,50.7,26
2547,47.3406,8.86444,19.2,26
2548,47.3406,8.97224,57.3,26
2549,47.3406,9.08004,19.9,26
2550,47.3406,9.18783,26.0,26
2551,47.3406,9.29563,25.5,26
2552,47.3406,9.40343,35.2,26
2553,47.3406,9.51123,32.7,26
2554,47.3406,9.61903,43.9,26
2555,47.3406,9.72682,30.4,26
2556,47.3406,9.83462,0.0,26
2557,47.3406,9.94242,37.6,26
2558,47.3406,10.05022,65.4,26
2559,47.3406,10.15801,39.2,26
2560,47.3406,10.26581,62.2,26
2562,47.3406,10.48141,57.1,26
2563,47.3406,10.58921,79.2,26
2564,47.3406,10.697,91.7,26
2565,47.3406,10.8048,37.5,26
2566,47.3406,10.9126,39.0,26
2567,47.3406,11.0204,0.0,26
2568,47.3406,11.12819,90.7,26
2569,47.3406,11.23599,77.9,26
2570,47.3406,11.34379,97.1,26
2571,47.3406,11.45159,74.0,26
2572,47.3406,11.55939,113.3,26
2573,47.3406,11.66718,89.9,26
2574,47.3406,11.77498,109.3,26
2575,47.3406,11.88278,72.6,26
2576,47.3406,11.99058,101.0,26
2577,47.3406,12.09838,81.5,26
2578,47.3406,12.20617,122.3,26
2579,47.3406,12.31397,122.6,26
2580,47.3406,12.42177,86.3,26
2581,47.3406,12.52957,170.0,26
2582,47.3406,12.63736,124.8,26
2583,47.3406,12.74516,164.6,26
2584,47.3406,12.85296,62.5,26
2585,47.3406,12.96076,100.9,26
2586,47.3406,13.06856,158.7,26
2587,47.3406,13.17635,46.8,26
2588,47.3406,13.28415,118.1,26
2589,47.3406,13.39195,99.3,26
2590,47.3406,13.49975,35.6,26
2591,47.3406,13.60755,66.3,26
2592,47.3406,13.71534,28.7,26
2593,47.3406,13.82314,85.3,26
2594,47.3406,13.93094,31.4,26
2595,47.3406,14.03874,27.5,26
2596,47.3406,14.14653,2.3,26
2597,47.3406,14.25433,3.2,26
2598,47.3406,14.36213,6.2,26
2599,47.3406,14.46993,13.1,26
2600,47.3406,14.57773,15.6,26
2601,47.3406,14.68552,15.3,26
2602,47.3406,14.79332,11.9,26
2603,47.3406,14.90112,23.8,26
2604,47.3406,15.00892,22.3,26
2605,47.3406,15.11671,13.7,26
2606,47.3406,15.22451,12.3,26
2607,47.3406,15.33231,16.5,26
2608,47.3406,15.44011,11.7,26
2609,47.3406,15.54791,9.0,26
2610,47.3406,15.6557,13.3,26
2611,47.3406,15.7635,11.0,26
2612,47.3406,15.8713,14.6,26
2613,47.3406,15.9791,10.7,26
2614,47.3406,16.0869,13.7,26
2615,47.3406,16.19469,15.7,26
2616,47.3406,16.30249,5.6,26
2617,47.3406,16.41029,16.6,26
2618,47.3406,16.51809,17.8,26
2619,47.3406,16.62588,14.1,26
2620,47.3406,16.73368,14.3,26
2621,47.3406,16.84148,11.0,26
2622,47.3406,16.94928,13.1,26
2623,47.3406,17.05708,12.1,26
2624,47.3406,17.16487,9.8,26
2625,47.2675,5.9539,20.6,26
2626,47.2675,6.0617,20.6,26
2627,47.2675,6.16949,26.6,26
2628,47.2675,6.27729,29.8,26
2629,47.2675,6.38509,102.1,26
2630,47.2675,6.49289,61.0,26
2631,47.2675,6.60069,34.7,26
2632,47.2675,6.70848,24.4,26
2633,47.2675,6.81628,23.8,26
2634,47.2675,6.92408,27.8,26
2635,47.2675,7.03188,13.3,26
2636,47.2675,7.13968,25.2,26
2637,47.2675,7.24747,20.2,26
2638,47.2675,7.35527,35.7,26
2639,47.2675,7.46307,10.8,26
2640,47.2675,7.57087,34.5,26
2641,47.2675,7.67866,20.1,26
2642,47.2675,7.78646,12.1,26
2643,47.2675,7.89426,20.6,26
2644,47.2675,8.00206,57.9,26
2645,47.2675,8.10986,9.0,26
2646,47.2675,8.21765,8.4,26
2647,47.2675,8.32545,16.1,26
2648,47.2675,8.43325,25.8,26
2649,47.2675,8.54105,30.1,26
2650,47.2675,8.64884,18.1,26
2651,47.2675,8.75664,21.4,26
2652,47.2675,8.86444,25.4,26
2653,47.2675,8.97224,23.9,26
2654,47.2675,9.08004,20.6,26
2655,47.2675,9.18783,22.9,26
2656,47.2675,9.29563,31.8,26
2657,47.2675,9.40343,0.0,26
2658,47.2675,9.51123,26.2,26
2659,47.2675,9.61903,37.0,26
2660,47.2675,9.72682,38.3,26
2661,47.2675,9.83462,49.2,26
2662,47.2675,9.94242,36.3,26
2663,47.2675,10.05022,42.2,26
2664,47.2675,10.15801,0.0,26
2665,47.2675,10.26581,0.0,26
2666,47.2675,10.37361,60.1,26
2667,47.2675,10.48141,62.3,26
2668,47.2675,10.58921,90.6,26
2669,47.2675,10.697,25.7,26
2670,47.2675,10.8048,52.3,26
2671,47.2675,10.9126,148.0,26
2672,47.2675,11.0204,130.7,26
2673,47.2675,11.12819,531.0,26
2674,47.2675,11.23599,53.7,26
2675,47.2675,11.34379,117.6,26
2676,47.2675,11.45159,108.7,26
2677,47.2675,11.55939,124.4,26
2678,47.2675,11.66718,132.8,26
2679,47.2675,11.77498,114.4,26
2680,47.2675,11.88278,82.5,26
2681,47.2675,11.99058,127.7,26
2682,47.2675,12.09838,117.5,26
2683,47.2675,12.20617,121.7,26
2684,47.2675,12.31397,169.2,26
2685,47.2675,12.42177,90.1,26
2686,47.2675,12.52957,172.3,26
2687,47.2675,12.63736,144.8,26
2688,47.2675,12.74516,135.4,26
2689,47.2675,12.85296,80.2,26
2690,47.2675,12.96076,101.9,26
2691,47.2675,13.06856,135.4,26
2692,47.2675,13.17635,51.2,26
2693,47.2675,13.28415,20.7,26
2694,47.2675,13.39195,82.4,26
2695,47.2675,13.49975,86.1,26
2696,47.2675,13.60755,39.5,26
2697,47.2675,13.71534,25.9,26
2698,47.2675,13.82314,23.6,26
2699,47.2675,13.93094,27.4,26
2700,47.2675,14.03874,17.0,26
2701,47.2675,14.14653,1.1,26
2702,47.2675,14.25433,2.6,26
2703,47.2675,14.36213,11.3,26
2704,47.2675,14.46993,14.2,26
2705,47.2675,14.57773,13.9,26
2706,47.2675,14.68552,21.0,26
2707,47.2675,14.79332,25.0,26
2708,47.2675,14.90112,24.6,26
2709,47.2675,15.00892,18.8,26
2710,47.2675,15.11671,20.8,26
2711,47.2675,15.22451,15.9,26
2712,47.2675,15.33231,15.4,26
2713,47.2675,15.44011,13.4,26
2714,47.2675,15.54791,13.0,26
2715,47.2675,15.6557,4.7,26
2716,47.2675,15.7635,8.8,26
2717,47.2675,15.8713,12.4,26
2718,47.2675,15.9791,14.6,26
2719,47.2675,16.0869,13.2,26
2720,47.2675,16.19469,10.5,26
2721,47.2675,16.30249,12.1,26
2722,47.2675,16.41029,6.9,26
2723,47.2675,16.51809,7.5,26
2724,47.2675,16.62588,10.4,26
2725,47.2675,16.73368,7.9,26
2726,47.2675,16.84148,11.5,26
2727,47.2675,16.94928,8.9,26
2728,47.2675,17.05708,11.9,26
2729,47.2675,17.16487,12.9,26
2730,47.1943,5.9539,17.8,26
2731,47.1943,6.0617,27.7,26
2732,47.1943,6.16949,7.5,26
2733,47.1943,6.27729,16.9,26
2734,47.1943,6.38509,18.9,26
2735,47.1943,6.49289,17.7,26
2736,47.1943,6.60069,33.6,26
2737,47.1943,6.70848,26.7,26
2738,47.1943,6.81628,60.4,26
2739,47.1943,6.92408,49.8,26
2740,47.1943,7.03188,12.2,26
2741,47.1943,7.13968,17.2,26
2742,47.1943,7.24747,21.4,26
2743,47.1943,7.35527,26.5,26
2744,47.1943,7.46307,34.0,26
2745,47.1943,7.57087,9.8,26
2746,47.1943,7.67866,23.4,26
2747,47.1943,7.78646,17.8,26
2748,47.1943,7.89426,14.5,26
2749,47.1943,8.00206,11.8,26
2750,47.1943,8.10986,18.7,26
2751,47.1943,8.21765,11.6,26
2752,47.1943,8.32545,13.6,26
2753,47.1943,8.43325,16.8,26
2754,47.1943,8.54105,15.7,26
2755,47.1943,8.64884,24.3,26
2756,47.1943,8.75664,25.0,26
2757,47.1943,8.86444,26.7,26
2758,47.1943,8.97224,28.4,26
2759,47.1943,9.08004,44.3,26
2760,47.1943,9.18783,15.6,26
2761,47.1943,9.29563,18.6,26
2762,47.1943,9.40343,19.3,26
2763,47.1943,9.51123,34.0,26
2764,47.1943,9.61903,52.9,26
2765,47.1943,9.72682,51.7,26
2766,47.1943,9.83462,51.7,26
2767,47.1943,9.94242,76.9,26
2768,47.1943,10.05022,0.0,26
2769,47.1943,10.15801,59.5,26
2770,47.1943,10.26581,105.4,26
2771,47.1943,10.37361,186.2,26
2772,47.1943,10.48141,117.1,26
2773,47.1943,10.58921,41.9,26
2774,47.1943,10.697,63.6,26
2775,47.1943,10.8048,96.2,26
2776,47.1943,10.9126,118.8,26
2777,47.1943,11.0204,141.1,26
2778,47.1943,11.12819,122.4,26
2779,47.1943,11.23599,191.6,26
2780,47.1943,11.34379,85.3,26
2781,47.1943,11.45159,145.2,26
2782,47.1943,11.55939,131.8,26
2783,47.1943,11.66718,162.1,26
2784,47.1943,11.77498,130.6,26
2785,47.1943,11.88278,86.0,26
2786,47.1943,11.99058,109.5,26
2787,47.1943,12.09838,148.2,26
2788,47.1943,12.20617,121.1,26
2789,47.1943,12.31397,133.8,26
2790,47.1943,12.42177,43.9,26
2791,47.1943,12.52957,141.3,26
2792,47.1943,12.63736,81.8,26
2793,47.1943,12.74516,56.5,26
2794,47.1943,12.85296,247.6,26
2795,47.1943,12.96076,25.9,26
2796,47.1943,13.06856,35.9,26
2797,47.1943,13.17635,90.4,26
2798,47.1943,13.28415,30.7,26
2799,47.1943,13.39195,14.2,26
2800,47.1943,13.49975,63.8,26
2801,47.1943,13.60755,37.5,26
2802,47.1943,13.71534,23.4,26
2803,47.1943,13.82314,28.1,26
2804,47.1943,13.93094,18.4,26
2805,47.1943,14.03874,0.1,26
2806,47.1943,14.14653,1.3,26
2807,47.1943,14.25433,3.5,26
2808,47.1943,14.36213,9.5,26
2809,47.1943,14.46993,10.1,26
2810,47.1943,14.57773,12.8,26
2811,47.1943,14.68552,23.0,26
2812,47.1943,14.79332,16.7,26
2813,47.1943,14.90112,15.3,26
2814,47.1943,15.00892,16.1,26
2815,47.1943,15.11671,16.2,26
2816,47.1943,15.22451,22.0,26
2817,47.1943,15.33231,22.9,26
2818,47.1943,15.44011,14.5,26
2819,47.1943,15.54791,10.8,26
2820,47.1943,15.6557,14.0,26
2821,47.1943,15.7635,12.8,26
2822,47.1943,15.8713,15.1,26
2823,47.1943,15.9791,10.5,26
2824,47.1943,16.0869,13.9,26
2825,47.1943,16.19469,16.4,26
2826,47.1943,16.30249,7.4,26
2827,47.1943,16.41029,6.8,26
2828,47.1943,16.51809,14.2,26
2829,47.1943,16.62588,10.3,26
2830,47.1943,16.73368,9.1,26
2831,47.1943,16.84148,11.2,26
2832,47.1943,16.94928,10.1,26
2833,47.1943,17.05708,12.7,26
2834,47.1943,17.16487,12.6,26
2835,47.121,5.9539,20.4,26
2836,47.121,6.0617,22.0,26
2837,47.121,6.16949,21.6,26
2838,47.121,6.27729,26.0,26
2839,47.121,6.38509,17.6,26
2840,47.121,6.49289,12.8,26
2841,47.121,6.60069,15.0,26
2842,47.121,6.70848,15.6,26
2843,47.121,6.81628,32.0,26
2844,47.121,6.92408,19.1,26
2845,47.121,7.03188,20.1,26
2846,47.121,7.13968,25.4,26
2847,47.121,7.24747,19.7,26
2848,47.121,7.35527,15.4,26
2849,47.121,7.46307,11.8,26
2850,47.121,7.57087,28.8,26
2851,47.121,7.67866,12.1,26
2852,47.121,7.78646,8.9,26
2853,47.121,7.89426,13.6,26
2854,47.121,8.00206,10.6,26
2855,47.121,8.10986,12.2,26
2856,47.121,8.21765,20.1,26
2857,47.121,8.32545,20.6,26
2858,47.121,8.43325,26.5,26
2859,47.121,8.54105,30.3,26
2860,47.121,8.64884,29.9,26
2861,47.121,8.75664,35.2,26
2862,47.121,8.86444,47.9,26
2863,47.121,8.97224,29.5,26
2864,47.121,9.08004,19.6,26
2865,47.121,9.18783,19.7,26
2866,47.121,9.29563,12.8,26
2867,47.121,9.40343,21.1,26
2868,47.121,9.51123,41.2,26
2869,47.121,9.61903,18.5,26
2870,47.121,9.72682,42.7,26
2871,47.121,9.83462,77.1,26
2872,47.121,9.94242,60.1,26
2873,47.121,10.05022,79.3,26
2874,47.121,10.15801,68.0,26
2875,47.121,10.26581,81.2,26
2876,47.121,10.37361,218.5,26
2877,47.121,10.48141,82.7,26
2878,47.121,10.58921,67.7,26
2879,47.121,10.697,108.5,26
2880,47.121,10.8048,96.3,26
2881,47.121,10.9126,70.4,26
2882,47.121,11.0204,103.0,26
2883,47.121,11.12819,113.4,26
2884,47.121,11.23599,46.8,26
2885,47.121,11.34379,64.1,26
2886,47.121,11.45159,118.0,26
2887,47.121,11.55939,119.9,26
2888,47.121,11.66718,114.2,26
2889,47.121,11.77498,66.9,26
2890,47.121,11.88278,105.6,26
2891,47.121,11.99058,69.9,26
2892,47.121,12.09838,89.3,26
2893,47.121,12.20617,163.7,26
2894,47.121,12.31397,0.0,26
2895,47.121,12.42177,28.8,26
2896,47.121,12.52957,26.4,26
2897,47.121,12.63736,64.8,26
2898,47.121,12.74516,119.6,26
2899,47.121,12.85296,80.4,26
2900,47.121,12.96076,105.2,26
2901,47.121,13.06856,19.4,26
2902,47.121,13.17635,28.6,26
2903,47.121,13.28415,41.1,26
2904,47.121,13.39195,23.6,26
2905,47.121,13.49975,8.3,26
2906,47.121,13.60755,27.0,26
2907,47.121,13.71534,29.4,26
2908,47.121,13.82314,22.5,26
2909,47.121,13.93094,42.8,26
2910,47.121,14.03874,0.2,26
2911,47.121,14.14653,3.5,26
2912,47.121,14.25433,4.7,26
2913,47.121,14.36213,12.7,26
2914,47.121,14.46993,11.1,26
2915,47.121,14.57773,14.8,26
2916,47.121,14.68552,20.9,26
2917,47.121,14.79332,15.0,26
2918,47.121,14.90112,15.0,26
2919,47.121,15.00892,12.4,26
2920,47.121,15.11671,20.5,26
2921,47.121,15.22451,26.5,26
2922,47.121,15.33231,20.7,26
2923,47.121,15.44011,17.1,26
2924,47.121,15.54791,15.2,26
2925,47.121,15.6557,12.4,26
2926,47.121,15.7635,11.7,26
2927,47.121,15.8713,16.0,26
2928,47.121,15.9791,12.0,26
2929,47.121,16.0869,13.6,26
2930,47.121,16.19469,20.8,26
2931,47.121,16.30249,15.4,26
2932,47.121,16.41029,8.5,26
2933,47.121,16.51809,7.7,26
2934,47.121,16.62588,8.2,26
2935,47.121,16.73368,8.4,26
2936,47.121,16.84148,12.6,26
2937,47.121,16.94928,16.4,26
2938,47.121,17.05708,12.2,26
2939,47.121,17.16487,12.2,26
2940,47.0476,5.9539,24.5,26
2941,47.0476,6.0617,20.2,26
2942,47.0476,6.16949,31.0,26
2943,47.0476,6.27729,13.9,26
2944,47.0476,6.38509,32.5,26
2945,47.0476,6.49289,9.3,26
2946,47.0476,6.60069,15.9,26
2947,47.0476,6.70848,22.9,26
2948,47.0476,6.81628,44.8,26
2949,47.0476,6.92408,27.1,26
2950,47.0476,7.03188,28.1,26
2951,47.0476,7.13968,17.9,26
2952,47.0476,7.24747,24.3,26
2953,47.0476,7.35527,11.8,26
2954,47.0476,7.46307,15.6,26
2955,47.0476,7.57087,21.5,26
2956,47.0476,7.67866,13.7,26
2957,47.0476,7.78646,9.6,26
2958,47.0476,7.89426,20.4,26
2959,47.0476,8.00206,16.0,26
2960,47.0476,8.10986,19.7,26
2961,47.0476,8.21765,25.3,26
2962,47.0476,8.32545,19.4,26
2963,47.0476,8.43325,32.6,26
2964,47.0476,8.54105,24.7,26
2965,47.0476,8.64884,20.9,26
2966,47.0476,8.75664,13.0,26
2967,47.0476,8.86444,40.6,26
2968,47.0476,8.97224,11.2,26
2969,47.0476,9.08004,6.9,26
2970,47.0476,9.18783,7.6,26
2971,47.0476,9.29563,16.0,26
2972,47.0476,9.40343,18.9,26
2973,47.0476,9.51123,32.7,26
2974,47.0476,9.61903,64.1,26
2975,47.0476,9.72682,36.5,26
2976,47.0476,9.83462,42.0,26
2977,47.0476,9.94242,64.2,26
2978,47.0476,10.05022,72.6,26
2979,47.0476,10.15801,68.7,26
2980,47.0476,10.26581,76.0,26
2981,47.0476,10.37361,129.9,26
2982,47.0476,10.48141,113.7,26
2983,47.0476,10.58921,92.8,26
2984,47.0476,10.697,156.7,26
2985,47.0476,10.8048,115.3,26
2986,47.0476,10.9126,68.4,26
2987,47.0476,11.0204,45.8,26
2988,47.0476,11.12819,90.7,26
2989,47.0476,11.23599,91.8,26
2990,47.0476,11.34379,42.5,26
2991,47.0476,11.45159,58.0,26
2992,47.0476,11.55939,43.3,26
2993,47.0476,11.66718,52.1,26
2994,47.0476,11.77498,30.5,26
2995,47.0476,11.88278,72.7,26
2996,47.0476,11.99058,37.9,26
2997,47.0476,12.09838,68.5,26
2998,47.0476,12.20617,115.7,26
2999,47.0476,12.31397,66.3,26
3000,47.0476,12.42177,52.1,26
3001,47.0476,12.52957,18.5,26
3002,47.0476,12.63736,94.4,26
3003,47.0476,12.74516,51.4,26
3004,47.0476,12.85296,31.7,26
3005,47.0476,12.96076,70.9,26
3006,47.0476,13.06856,16.1,26
3007,47.0476,13.17635,25.6,26
3008,47.0476,13.28415,34.7,26
3009,47.0476,13.39195,33.2,26
3010,47.0476,13.49975,16.1,26
3011,47.0476,13.60755,8.6,26
3012,47.0476,13.71534,62.3,26
3013,47.0476,13.82314,27.5,26
3014,47.0476,13.93094,42.5,25
3015,47.0476,14.03874,3.0,26
3016,47.0476,14.14653,2.2,26
3017,47.0476,14.25433,1.4,26
3018,47.0476,14.36213,12.0,26
3019,47.0476,14.46993,12.1,26
3020,47.0476,14.57773,15.5,26
3021,47.0476,14.68552,12.8,26
3022,47.0476,14.79332,20.1,26
3023,47.0476,14.90112,7.2,26
3024,47.0476,15.00892,13.9,26
3025,47.0476,15.11671,13.2,26
3026,47.0476,15.22451,28.0,26
3027,47.0476,15.33231,17.5,26
3028,47.0476,15.44011,17.4,26
3029,47.0476,15.54791,18.9,26
3030,47.0476,15.6557,14.7,26
3031,47.0476,15.7635,14.8,26
3032,47.0476,15.8713,17.8,26
3033,47.0476,15.9791,12.9,26
3034,47.0476,16.0869,9.0,26
3035,47.0476,16.19469,14.6,26
3036,47.0476,16.30249,11.0,26
3037,47.0476,16.41029,9.1,26
3038,47.0476,16.51809,9.6,26
3039,47.0476,16.62588,8.7,26
3040,47.0476,16.73368,11.5,26
3041,47.0476,16.84148,12.4,26
3042,47.0476,16.94928,13.2,26
3043,47.0476,17.05708,16.5,26
3044,47.0476,17.16487,14.6,26
3045,46.97409,5.9539,22.2,26
3046,46.97409,6.0617,18.6,26
3047,46.97409,6.16949,24.6,26
3048,46.97409,6.27729,14.3,26
3049,46.97409,6.38509,9.3,26
3050,46.97409,6.49289,12.0,26
3051,46.97409,6.60069,24.5,26
3052,46.97409,6.70848,40.4,26
3053,46.97409,6.81628,15.4,26
3054,46.97409,6.92408,22.6,26
3055,46.97409,7.03188,18.6,26
3056,46.97409,7.13968,23.8,26
3057,46.97409,7.24747,29.7,26
3058,46.97409,7.35527,17.1,26
3059,46.97409,7.46307,17.1,26
3060,46.97409,7.57087,9.7,26
3061,46.97409,7.67866,14.4,26
3062,46.97409,7.78646,17.9,26
3063,46.97409,7.89426,13.6,26
3064,46.97409,8.00206,23.9,26
3065,46.97409,8.10986,24.1,26
3066,46.97409,8.21765,26.9,26
3067,46.97409,8.32545,60.5,26
3068,46.97409,8.43325,34.4,26
3069,46.97409,8.54105,16.7,26
3070,46.97409,8.64884,8.1,26
3071,46.97409,8.75664,15.9,26
3072,46.97409,8.86444,2.5,26
3073,46.97409,8.97224,10.0,26
3074,46.97409,9.08004,0.1,26
3075,46.97409,9.18783,5.7,26
3076,46.97409,9.29563,12.7,26
3077,46.97409,9.40343,10.1,26
3078,46.97409,9.51123,8.9,26
3079,46.97409,9.61903,43.3,26
3080,46.97409,9.72682,58.8,26
3081,46.97409,9.83462,81.5,26
3082,46.97409,9.94242,68.8,26
3083,46.97409,10.05022,46.4,26
3084,46.97409,10.15801,55.0,26
3085,46.97409,10.26581,64.7,26
3086,46.97409,10.37361,127.7,26
3087,46.97409,10.48141,91.2,26
3088,46.97409,10.58921,38.1,26
3089,46.97409,10.697,33.9,26
3090,46.97409,10.8048,83.0,26
3091,46.97409,10.9126,55.4,26
3092,46.97409,11.0204,33.7,26
3093,46.97409,11.12819,54.1,26
3094,46.97409,11.23599,55.0,26
3095,46.97409,11.34379,64.8,26
3096,46.97409,11.45159,37.6,26
3097,46.97409,11.55939,37.4,26
3098,46.97409,11.66718,36.6,26
3099,46.97409,11.77498,37.1,26
3100,46.97409,11.88278,67.1,26
3101,46.97409,11.99058,35.7,26
3102,46.97409,12.09838,67.8,26
3103,46.97409,12.20617,79.8,26
3104,46.97409,12.31397,58.4,26
3105,46.97409,12.42177,21.2,26
3106,46.97409,12.52957,17.1,26
3107,46.97409,12.63736,38.5,26
3108,46.97409,12.74516,21.7,26
3109,46.97409,12.85296,39.9,26
3110,46.97409,12.96076,32.7,26
3111,46.97409,13.06856,67.3,26
3112,46.97409,13.17635,8.4,26
3113,46.97409,13.28415,11.4,26
3114,46.97409,13.39195,26.0,26
3115,46.97409,13.49975,11.2,26
3116,46.97409,13.60755,21.3,26
3117,46.97409,13.71534,59.5,26
3118,46.97409,13.82314,63.8,25
3119,46.97409,13.93094,55.0,25
3120,46.97409,14.03874,35.3,26
3121,46.97409,14.14653,2.2,26
3122,46.97409,14.25433,4.9,26
3123,46.97409,14.36213,29.4,26
3124,46.97409,14.46993,9.1,26
3125,46.97409,14.57773,10.7,26
3126,46.97409,14.68552,12.7,26
3127,46.97409,14.79332,11.5,26
3128,46.97409,14.90112,6.8,26
3129,46.97409,15.00892,4.2,26
3130,46.97409,15.11671,7.3,26
3131,46.97409,15.22451,14.0,26
3132,46.97409,15.33231,15.3,26
3133,46.97409,15.44011,14.2,26
3134,46.97409,15.54791,19.0,26
3135,46.97409,15.6557,18.0,26
3136,46.97409,15.7635,16.2,26
3137,46.97409,15.8713,16.8,26
3138,46.97409,15.9791,12.2,26
3139,46.97409,16.0869,8.1,26
3140,46.97409,16.19469,7.0,26
3141,46.97409,16.30249,10.7,26
3142,46.97409,16.41029,8.4,26
3143,46.97409,16.51809,9.7,26
3144,46.97409,16.62588,10.2,26
3145,46.97409,16.73368,11.8,26
3146,46.97409,16.84148,9.9,26
3147,46.97409,16.94928,23.3,26
3148,46.97409,17.05708,11.8,26
3149,46.97409,17.16487,21.0,26
3150,46.90049,5.9539,23.2,26
3151,46.90049,6.0617,27.2,26
3152,46.90049,6.16949,9.2,26
3153,46.90049,6.27729,6.1,26
3154,46.90049,6.38509,13.8,26
3155,46.90049,6.49289,88.4,26
3156,46.90049,6.60069,11.2,26
3157,46.90049,6.70848,11.0,26
3158,46.90049,6.81628,12.1,26
3159,46.90049,6.92408,20.8,26
3160,46.90049,7.03188,22.7,26
3161,46.90049,7.13968,23.2,26
3162,46.90049,7.24747,12.5,26
3163,46.90049,7.35527,10.3,26
3164,46.90049,7.46307,9.4,26
3165,46.90049,7.57087,14.8,26
3166,46.90049,7.67866,18.6,26
3167,46.90049,7.78646,23.8,26
3168,46.90049,7.89426,22.1,26
3169,46.90049,8.00206,27.3,26
3170,46.90049,8.10986,10.9,26
3171,46.90049,8.21765,14.7,26
3172,46.90049,8.32545,24.2,26
3173,46.90049,8.43325,20.3,26
3174,46.90049,8.54105,8.2,26
3175,46.90049,8.64884,3.2,26
3176,46.90049,8.75664,0.4,26
3177,46.90049,8.86444,12.5,26
3178,46.90049,8.97224,1.4,26
3179,46.90049,9.08004,0.9,26
3180,46.90049,9.18783,0.0,26
3181,46.90049,9.29563,6.6,26
3182,46.90049,9.40343,3.7,26
3183,46.90049,9.51123,5.5,26
3184,46.90049,9.61903,40.8,26
3185,46.90049,9.72682,49.1,26
3186,46.90049,9.83462,54.1,26
3187,46.90049,9.94242,53.2,26
3188,46.90049,10.05022,44.9,26
3189,46.90049,10.15801,53.0,26
3190,46.90049,10.26581,55.6,26
3191,46.90049,10.37361,52.8,26
3192,46.90049,10.48141,47.9,26
3193,46.90049,10.58921,51.1,26
3194,46.90049,10.697,61.0,26
3195,46.90049,10.8048,48.4,26
3196,46.90049,10.9126,54.3,26
3197,46.90049,11.0204,40.4,26
3198,46.90049,11.12819,44.0,26
3199,46.90049,11.23599,50.1,26
3200,46.90049,11.34379,51.8,26
3201,46.90049,11.45159,65.6,26
3202,46.90049,11.55939,56.6,26
3203,46.90049,11.66718,44.6,26
3204,46.90049,11.77498,41.1,26
3205,46.90049,11.88278,61.5,26
3206,46.90049,11.99058,36.1,26
3207,46.90049,12.09838,57.7,26
3208,46.90049,12.20617,68.5,26
3209,46.90049,12.31397,34.0,26
3210,46.90049,12.42177,17.5,26
3211,46.90049,12.52957,7.0,26
3212,46.90049,12.63736,12.9,26
3213,46.90049,12.74516,26.8,26
3214,46.90049,12.85296,46.2,26
3215,46.90049,12.96076,24.5,26
3216,46.90049,13.06856,46.7,26
3217,46.90049,13.17635,10.7,26
3218,46.90049,13.28415,8.7,26
3219,46.90049,13.39195,29.1,26
3220,46.90049,13.49975,2.3,26
3221,46.90049,13.60755,10.6,26
3222,46.90049,13.71534,65.5,25
3223,46.90049,13.82314,184.0,25
3224,46.90049,13.93094,82.8,25
3225,46.90049,14.03874,21.7,26
3226,46.90049,14.14653,31.3,26
3227,46.90049,14.25433,4.8,26
3228,46.90049,14.36213,69.3,26
3229,46.90049,14.46993,14.5,26
3230,46.90049,14.57773,17.2,26
3231,46.90049,14.68552,12.2,26
3232,46.90049,14.79332,8.9,26
3233,46.90049,14.90112,6.2,26
3234,46.90049,15.00892,3.1,26
3235,46.90049,15.11671,4.4,26
3236,46.90049,15.22451,6.2,26
3237,46.90049,15.33231,7.4,26
3238,46.90049,15.44011,8.7,26
3239,46.90049,15.54791,8.1,26
3240,46.90049,15.6557,12.8,26
3241,46.90049,15.7635,15.6,26
3242,46.90049,15.8713,15.1,26
3243,46.90049,15.9791,11.5,26
3244,46.90049,16.0869,9.8,26
3245,46.90049,16.19469,11.3,26
3246,46.90049,16.30249,18.8,26
3247,46.90049,16.41029,6.5,26
3248,46.90049,16.51809,10.4,26
3249,46.90049,16.62588,15.7,26
3250,46.90049,16.73368,11.1,26
3251,46.90049,16.84148,11.4,26
3252,46.90049,16.94928,11.0,26
3253,46.90049,17.05708,14.8,26
3254,46.90049,17.16487,13.3,26
3255,46.82678,5.9539,16.3,26
3256,46.82678,6.0617,9.0,26
3257,46.82678,6.16949,11.1,26
3258,46.82678,6.27729,13.4,26
3259,46.82678,6.38509,108.5,26
3260,46.82678,6.49289,58.6,26
3261,46.82678,6.60069,12.6,26
3262,46.82678,6.70848,13.9,26
3263,46.82678,6.81628,13.1,26
3264,46.82678,6.92408,20.5,26
3265,46.82678,7.03188,14.1,26
3266,46.82678,7.13968,15.9,26
3267,46.82678,7.24747,8.1,26
3268,46.82678,7.35527,15.0,26
3269,46.82678,7.46307,15.5,26
3270,46.82678,7.57087,16.0,26
3271,46.82678,7.67866,22.5,26
3272,46.82678,7.78646,27.8,26
3273,46.82678,7.89426,36.1,26
3274,46.82678,8.00206,37.1,26
3275,46.82678,8.10986,24.8,26
3276,46.82678,8.21765,32.8,26
3277,46.82678,8.32545,21.5,26
3278,46.82678,8.43325,1.3,26
3279,46.82678,8.54105,0.0,26
3280,46.82678,8.64884,3.4,26
3281,46.82678,8.75664,1.9,26
3282,46.82678,8.86444,7.8,26
3283,46.82678,8.97224,1.8,26
3284,46.82678,9.08004,2.5,26
3285,46.82678,9.18783,0.8,26
3286,46.82678,9.29563,0.0,26
3287,46.82678,9.40343,2.0,26
3288,46.82678,9.51123,1.7,26
3289,46.82678,9.61903,35.0,26
3290,46.82678,9.72682,31.7,26
3291,46.82678,9.83462,39.3,26
3292,46.82678,9.94242,36.9,26
3293,46.82678,10.05022,28.4,26
3294,46.82678,10.15801,38.3,26
3295,46.82678,10.26581,45.2,26
3296,46.82678,10.37361,47.8,26
3297,46.82678,10.48141,44.9,26
3298,46.82678,10.58921,93.6,26
3299,46.82678,10.697,39.6,26
3300,46.82678,10.8048,67.7,26
3301,46.82678,10.9126,36.1,26
3302,46.82678,11.0204,41.9,26
3303,46.82678,11.12819,26.2,26
3304,46.82678,11.23599,37.2,26
3305,46.82678,11.34379,33.4,26
3306,46.82678,11.45159,34.4,26
3307,46.82678,11.55939,54.2,26
3308,46.82678,11.66718,56.3,26
3309,46.82678,11.77498,21.5,26
3310,46.82678,11.88278,25.3,26
3311,46.82678,11.99058,51.7,26
3312,46.82678,12.09838,40.8,26
3313,46.82678,12.20617,44.8,26
3314,46.82678,12.31397,32.0,26
3315,46.82678,12.42177,41.3,26
3316,46.82678,12.52957,7.9,26
3317,46.82678,12.63736,15.3,26
3318,46.82678,12.74516,32.5,26
3319,46.82678,12.85296,19.9,26
3320,46.82678,12.96076,14.5,26
3321,46.82678,13.06856,20.4,26
3322,46.82678,13.17635,34.0,26
3323,46.82678,13.28415,28.8,26
3324,46.82678,13.39195,0.4,26
3325,46.82678,13.49975,11.8,25
3326,46.82678,13.60755,2.4,25
3327,46.82678,13.71534,89.4,25
3328,46.82678,13.82314,164.7,25
3329,46.82678,13.93094,97.8,25
3330,46.82678,14.03874,269.5,26
3331,46.82678,14.14653,71.2,26
3332,46.82678,14.25433,103.5,26
3333,46.82678,14.36213,70.5,26
3334,46.82678,14.46993,52.0,26
3335,46.82678,14.57773,37.9,26
3336,46.82678,14.68552,32.9,26
3337,46.82678,14.79332,10.0,26
3338,46.82678,14.90112,8.7,26
3339,46.82678,15.00892,6.1,26
3340,46.82678,15.11671,4.5,26
3341,46.82678,15.22451,6.2,26
3342,46.82678,15.33231,6.8,26
3343,46.82678,15.44011,6.4,26
3344,46.82678,15.54791,7.1,26
3345,46.82678,15.6557,7.6,26
3346,46.82678,15.7635,6.6,26
3347,46.82678,15.8713,4.3,26
3348,46.82678,15.9791,4.5,26
3349,46.82678,16.0869,7.9,26
3350,46.82678,16.19469,10.6,26
3351,46.82678,16.30249,11.6,26
3352,46.82678,16.41029,9.9,26
3353,46.82678,16.51809,7.4,26
3354,46.82678,16.62588,9.3,26
3355,46.82678,16.73368,8.7,26
3356,46.82678,16.84148,9.1,26
3357,46.82678,16.94928,10.9,26
3358,46.82678,17.05708,13.9,26
3359,46.82678,17.16487,11.2,26
3360,46.75298,5.9539,13.1,26
3361,46.75298,6.0617,21.4,26
3362,46.75298,6.16949,13.7,26
3363,46.75298,6.27729,65.1,26
3364,46.75298,6.38509,12.9,26
3365,46.75298,6.49289,14.2,26
3366,46.75298,6.60069,18.2,26
3367,46.75298,6.70848,10.9,26
3368,46.75298,6.81628,14.4,26
3369,46.75298,6.92408,12.9,26
3370,46.75298,7.03188,12.6,26
3371,46.75298,7.13968,9.4,26
3372,46.75298,7.24747,9.4,26
3373,46.75298,7.35527,14.4,26
3374,46.75298,7.46307,19.8,26
3375,46.75298,7.57087,18.1,26
3376,46.75298,7.67866,37.1,26
3377,46.75298,7.78646,39.6,26
3378,46.75298,7.89426,43.5,26
3379,46.75298,8.00206,20.2,26
3380,46.75298,8.10986,18.2,26
3381,46.75298,8.21765,13.3,26
3382,46.75298,8.32545,7.3,26
3383,46.75298,8.43325,1.9,26
3384,46.75298,8.54105,0.0,26
3385,46.75298,8.64884,4.0,26
3386,46.75298,8.75664,0.0,26
3387,46.75298,8.86444,0.2,26
3388,46.75298,8.97224,0.0,26
3389,46.75298,9.08004,1.2,26
3390,46.75298,9.18783,0.0,26
3391,46.75298,9.29563,0.0,26
3392,46.75298,9.40343,0.0,26
3393,46.75298,9.51123,0.9,26
3394,46.75298,9.61903,31.6,26
3395,46.75298,9.72682,31.2,26
3396,46.75298,9.83462,44.0,26
3397,46.75298,9.94242,55.0,26
3398,46.75298,10.05022,27.5,26
3399,46.75298,10.15801,38.1,26
3400,46.75298,10.26581,53.4,26
3401,46.75298,10.37361,46.5,26
3402,46.75298,10.48141,45.4,26
3403,46.75298,10.58921,49.5,26
3404,46.75298,10.697,49.1,26
3405,46.75298,10.8048,21.1,26
3406,46.75298,10.9126,54.3,26
3407,46.75298,11.0204,30.6,26
3408,46.75298,11.12819,33.5,26
3409,46.75298,11.23599,137.1,26
3410,46.75298,11.34379,114.0,26
3411,46.75298,11.45159,37.4,26
3412,46.75298,11.55939,22.8,26
3413,46.75298,11.66718,27.1,26
3414,46.75298,11.77498,15.6,26
3415,46.75298,11.88278,11.8,26
3416,46.75298,11.99058,10.6,26
3417,46.75298,12.09838,27.9,26
3418,46.75298,12.20617,36.8,26
3419,46.75298,12.31397,42.7,26
3420,46.75298,12.42177,46.4,26
3421,46.75298,12.52957,22.7,26
3422,46.75298,12.63736,2.8,26
3423,46.75298,12.74516,36.3,26
3424,46.75298,12.85296,9.3,26
3425,46.75298,12.96076,15.9,26
3426,46.75298,13.06856,0.8,26
3427,46.75298,13.17635,0.5,26
3428,46.75298,13.28415,1.0,26
3429,46.75298,13.39195,0.2,25
3430,46.75298,13.49975,1.5,25
3431,46.75298,13.60755,6.4,25
3432,46.75298,13.71534,59.2,25
3433,46.75298,13.82314,102.9,25
3434,46.75298,13.93094,111.3,25
3435,46.75298,14.03874,221.2,26
3436,46.75298,14.14653,56.1,26
3437,46.75298,14.25433,113.8,26
3438,46.75298,14.36213,113.1,26
3439,46.75298,14.46993,33.2,26
3440,46.75298,14.57773,25.3,26
3441,46.75298,14.68552,21.2,26
3442,46.75298,14.79332,38.4,26
3443,46.75298,14.90112,16.6,26
3444,46.75298,15.00892,3.6,26
3445,46.75298,15.11671,4.2,26
3446,46.75298,15.22451,21.4,26
3447,46.75298,15.33231,14.8,26
3448,46.75298,15.44011,14.9,26
3449,46.75298,15.54791,12.1,26
3450,46.75298,15.6557,8.0,26
3451,46.75298,15.7635,15.5,26
3452,46.75298,15.8713,6.4,26
3453,46.75298,15.9791,6.6,26
3454,46.75298,16.0869,5.3,26
3455,46.75298,16.19469,3.4,26
3456,46.75298,16.30249,3.5,26
3457,46.75298,16.41029,5.4,26
3458,46.75298,16.51809,4.1,26
3459,46.75298,16.62588,8.7,26
3460,46.75298,16.73368,7.4,26
3461,46.75298,16.84148,0.0,26
3462,46.75298,16.94928,19.2,26
3463,46.75298,17.05708,9.6,26
3464,46.75298,17.16487,15.2,26
3465,46.67907,5.9539,10.2,26
3466,46.67907,6.0617,8.1,26
3467,46.67907,6.16949,21.0,26
3468,46.67907,6.27729,7.9,26
3469,46.67907,6.38509,17.9,26
3470,46.67907,6.49289,9.4,26
3471,46.67907,6.60069,28.6,26
3472,46.67907,6.70848,16.4,26
3473,46.67907,6.81628,17.1,26
3474,46.67907,6.92408,17.2,26
3475,46.67907,7.03188,12.1,26
3476,46.67907,7.13968,18.0,26
3477,46.67907,7.24747,10.7,26
3478,46.67907,7.35527,21.8,26
3479,46.67907,7.46307,17.7,26
3480,46.67907,7.57087,44.0,26
3481,46.67907,7.67866,33.6,26
3482,46.67907,7.78646,43.3,26
3483,46.67907,7.89426,24.7,26
3484,46.67907,8.00206,5.3,26
3485,46.67907,8.10986,18.3,26
3486,46.67907,8.21765,17.9,26
3487,46.67907,8.32545,3.8,26
3488,46.67907,8.43325,1.2,26
3489,46.67907,8.54105,0.0,26
3490,46.67907,8.64884,3.6,26
3491,46.67907,8.75664,3.7,26
3492,46.67907,8.86444,0.2,26
3493,46.67907,8.97224,0.0,26
3494,46.67907,9.08004,0.0,26
3495,46.67907,9.18783,0.3,26
3496,46.67907,9.29563,0.0,26
3497,46.67907,9.40343,0.4,26
3498,46.67907,9.51123,0.3,26
3499,46.67907,9.61903,49.7,26
3500,46.67907,9.72682,45.4,26
3501,46.67907,9.83462,51.4,26
3502,46.67907,9.94242,62.9,26
3503,46.67907,10.05022,70.3,26
3504,46.67907,10.15801,36.2,26
3505,46.67907,10.26581,59.6,26
3506,46.67907,10.37361,53.0,26
3507,46.67907,10.48141,45.3,26
3508,46.67907,10.58921,63.8,26
3509,46.67907,10.697,31.4,26
3510,46.67907,10.8048,37.4,26
3511,46.67907,10.9126,35.4,26
3512,46.67907,11.0204,36.6,26
3513,46.67907,11.12819,24.9,26
3514,46.67907,11.23599,13.0,26
3515,46.67907,11.34379,39.8,26
3516,46.67907,11.45159,33.6,26
3517,46.67907,11.55939,34.3,26
3518,46.67907,11.66718,9.0,26
3519,46.67907,11.77498,22.6,26
3520,46.67907,11.88278,7.9,26
3521,46.67907,11.99058,11.7,26
3522,46.67907,12.09838,62.9,26
3523,46.67907,12.20617,25.4,26
3524,46.67907,12.31397,34.6,26
3525,46.67907,12.42177,23.1,26
3526,46.67907,12.52957,7.6,26
3527,46.67907,12.63736,8.4,26
3528,46.67907,12.74516,4.4,26
3529,46.67907,12.85296,15.0,26
3530,46.67907,12.96076,3.5,26
3531,46.67907,13.06856,1.9,26
3532,46.67907,13.17635,0.5,25
3533,46.67907,13.28415,0.1,25
3534,46.67907,13.39195,0.6,25
3535,46.67907,13.49975,23.5,25
3536,46.67907,13.60755,61.4,25
3537,46.67907,13.71534,6.7,25
3538,46.67907,13.82314,131.7,25
3539,46.67907,13.93094,174.0,25
3540,46.67907,14.03874,92.0,26
3541,46.67907,14.14653,136.8,26
3542,46.67907,14.25433,80.0,26
3543,46.67907,14.36213,61.1,26
3544,46.67907,14.46993,54.3,26
3545,46.67907,14.57773,31.0,26
3546,46.67907,14.68552,74.2,26
3547,46.67907,14.79332,22.1,26
3548,46.67907,14.90112,26.8,26
3549,46.67907,15.00892,28.7,26
3550,46.67907,15.11671,20.0,26
3551,46.67907,15.22451,36.1,26
3552,46.67907,15.33231,28.4,26
3553,46.67907,15.44011,26.2,26
3554,46.67907,15.54791,25.4,26
3555,46.67907,15.6557,19.7,26
3556,46.67907,15.7635,12.9,26
3557,46.67907,15.8713,12.0,26
3558,46.67907,15.9791,7.4,26
3559,46.67907,16.0869,27.3,26
3560,46.67907,16.19469,22.6,26
3561,46.67907,16.30249,7.8,26
3562,46.67907,16.41029,23.0,26
3563,46.67907,16.51809,7.3,26
3564,46.67907,16.62588,4.2,26
3565,46.67907,16.73368,4.5,26
3566,46.67907,16.84148,5.2,26
3567,46.67907,16.94928,14.0,26
3568,46.67907,17.05708,14.5,26
3569,46.67907,17.16487,11.0,26
3570,46.60506,5.9539,17.2,26
3571,46.60506,6.0617,10.4,26
3572,46.60506,6.16949,9.8,26
3573,46.60506,6.27729,0.4,26
3574,46.60506,6.38509,32.9,26
3575,46.60506,6.49289,12.2,26
3576,46.60506,6.60069,11.5,26
3577,46.60506,6.70848,18.3,26
3578,46.60506,6.81628,20.8,26
3579,46.60506,6.92408,22.1,26
3580,46.60506,7.03188,16.2,26
3581,46.60506,7.13968,20.7,26
3582,46.60506,7.24747,23.9,26
3583,46.60506,7.35527,18.5,26
3584,46.60506,7.46307,42.1,26
3585,46.60506,7.57087,24.5,26
3586,46.60506,7.67866,30.3,26
3587,46.60506,7.78646,18.7,26
3588,46.60506,7.89426,16.1,26
3589,46.60506,8.00206,15.3,26
3590,46.60506,8.10986,2.2,26
3591,46.60506,8.21765,15.7,26
3592,46.60506,8.32545,2.3,26
3593,46.60506,8.43325,0.1,26
3594,46.60506,8.54105,0.0,26
3595,46.60506,8.64884,4.3,26
3596,46.60506,8.75664,3.1,26
3597,46.60506,8.86444,0.0,26
3598,46.60506,8.97224,0.1,26
3599,46.60506,9.08004,0.0,26
3600,46.60506,9.18783,0.1,26
3601,46.60506,9.29563,0.6,26
3602,46.60506,9.40343,0.3,26
3603,46.60506,9.51123,0.7,26
3604,46.60506,9.61903,41.6,26
3605,46.60506,9.72682,66.4,26
3606,46.60506,9.83462,63.3,26
3607,46.60506,9.94242,81.8,26
3608,46.60506,10.05022,65.9,26
3609,46.60506,10.15801,58.5,26
3610,46.60506,10.26581,55.2,26
3611,46.60506,10.37361,34.8,26
3612,46.60506,10.48141,83.1,26
3613,46.60506,10.58921,27.1,26
3614,46.60506,10.697,31.6,26
3615,46.60506,10.8048,25.2,26
3616,46.60506,10.9126,42.6,26
3617,46.60506,11.0204,21.0,26
3618,46.60506,11.12819,21.1,26
3619,46.60506,11.23599,14.3,26
3620,46.60506,11.34379,15.8,26
3621,46.60506,11.45159,5.1,26
3622,46.60506,11.55939,15.6,26
3623,46.60506,11.66718,6.5,26
3624,46.60506,11.77498,14.8,26
3625,46.60506,11.88278,2.5,26
3626,46.60506,11.99058,20.4,26
3627,46.60506,12.09838,28.0,26
3628,46.60506,12.20617,25.6,26
3629,46.60506,12.31397,64.6,26
3630,46.60506,12.42177,116.5,26
3631,46.60506,12.52957,6.7,26
3632,46.60506,12.63736,20.8,26
3633,46.60506,12.74516,2.5,26
3634,46.60506,12.85296,11.9,26
3635,46.60506,12.96076,8.0,26
3636,46.60506,13.06856,12.6,25
3637,46.60506,13.17635,5.1,25
3638,46.60506,13.28415,0.3,25
3639,46.60506,13.39195,0.6,25
3640,46.60506,13.49975,1.9,25
3641,46.60506,13.60755,56.6,25
3642,46.60506,13.71534,9.7,25
3643,46.60506,13.82314,13.6,25
3644,46.60506,13.93094,77.5,25
3645,46.60506,14.03874,95.5,26
3646,46.60506,14.14653,67.4,26
3647,46.60506,14.25433,76.2,26
3648,46.60506,14.36213,50.4,26
3649,46.60506,14.46993,45.7,26
3650,46.60506,14.57773,76.4,26
3651,46.60506,14.68552,41.7,26
3652,46.60506,14.79332,19.6,26
3653,46.60506,14.90112,15.5,26
3654,46.60506,15.00892,11.6,26
3655,46.60506,15.11671,30.2,26
3656,46.60506,15.22451,27.4,26
3657,46.60506,15.33231,23.0,26
3658,46.60506,15.44011,18.2,26
3659,46.60506,15.54791,16.3,26
3660,46.60506,15.6557,12.5,26
3661,46.60506,15.7635,9.6,26
3662,46.60506,15.8713,9.7,26
3663,46.60506,15.9791,9.8,26
3664,46.60506,16.0869,11.1,26
3665,46.60506,16.19469,7.4,26
3666,46.60506,16.30249,8.4,26
3667,46.60506,16.41029,7.3,26
3668,46.60506,16.51809,8.6,26
3669,46.60506,16.62588,6.7,26
3670,46.60506,16.73368,7.7,26
3671,46.60506,16.84148,9.3,26
3672,46.60506,16.94928,9.5,26
3673,46.60506,17.05708,4.0,26
3674,46.60506,17.16487,16.8,26
3675,46.53095,5.9539,7.9,26
3676,46.53095,6.0617,35.7,26
3677,46.53095,6.16949,9.7,26
3678,46.53095,6.27729,2.9,26
3679,46.53095,6.38509,13.7,26
3680,46.53095,6.49289,22.2,26
3681,46.53095,6.60069,18.4,26
3682,46.53095,6.70848,26.6,26
3683,46.53095,6.81628,30.7,26
3684,46.53095,6.92408,23.7,26
3685,46.53095,7.03188,19.4,26
3686,46.53095,7.13968,14.6,26
3687,46.53095,7.24747,21.4,26
3688,46.53095,7.35527,26.5,26
3689,46.53095,7.46307,32.5,26
3690,46.53095,7.57087,42.0,26
3691,46.53095,7.67866,14.6,26
3692,46.53095,7.78646,11.8,26
3693,46.53095,7.89426,3.1,26
3694,46.53095,8.00206,1.1,26
3695,46.53095,8.10986,0.2,26
3696,46.53095,8.21765,3.5,26
3697,46.53095,8.32545,0.3,26
3698,46.53095,8.43325,0.0,26
3699,46.53095,8.54105,0.0,26
3700,46.53095,8.64884,3.8,26
3701,46.53095,8.75664,11.2,26
3702,46.53095,8.86444,7.2,26
3703,46.53095,8.97224,7.7,26
3704,46.53095,9.08004,1.4,26
3705,46.53095,9.18783,0.0,26
3706,46.53095,9.29563,0.0,26
3707,46.53095,9.40343,13.8,26
3708,46.53095,9.51123,8.7,26
3709,46.53095,9.61903,31.1,26
3710,46.53095,9.72682,48.2,26
3711,46.53095,9.83462,62.2,26
3712,46.53095,9.94242,59.4,26
3713,46.53095,10.05022,58.5,26
3714,46.53095,10.15801,33.6,26
3715,46.53095,10.26581,52.0,26
3716,46.53095,10.37361,34.4,26
3717,46.53095,10.48141,70.7,26
3718,46.53095,10.58921,25.0,26
3719,46.53095,10.697,13.6,26
3720,46.53095,10.8048,11.1,26
3721,46.53095,10.9126,33.4,26
3722,46.53095,11.0204,24.9,26
3723,46.53095,11.12819,14.2,26
3724,46.53095,11.23599,13.8,26
3725,46.53095,11.34379,12.7,26
3726,46.53095,11.45159,12.3,26
3727,46.53095,11.55939,19.5,26
3728,46.53095,11.66718,14.1,26
3729,46.53095,11.77498,12.0,26
3730,46.53095,11.88278,18.4,26
3731,46.53095,11.99058,22.4,26
3732,46.53095,12.09838,30.0,26
3733,46.53095,12.20617,23.2,26
3734,46.53095,12.31397,30.1,26
3735,46.53095,12.42177,107.4,26
3736,46.53095,12.52957,131.2,26
3737,46.53095,12.63736,308.6,26
3738,46.53095,12.74516,55.0,26
3739,46.53095,12.85296,13.4,26
3740,46.53095,12.96076,37.6,26
3741,46.53095,13.06856,27.0,25
3742,46.53095,13.17635,25.4,25
3743,46.53095,13.28415,80.0,25
3744,46.53095,13.39195,0.8,25
3745,46.53095,13.49975,1.2,25
3746,46.53095,13.60755,4.8,25
3747,46.53095,13.71534,131.4,25
3748,46.53095,13.82314,36.1,25
3749,46.53095,13.93094,98.7,26
3750,46.53095,14.03874,104.3,26
3751,46.53095,14.14653,47.3,26
3752,46.53095,14.25433,90.3,26
3753,46.53095,14.36213,65.5,26
3754,46.53095,14.46993,40.0,26
3755,46.53095,14.57773,69.7,26
3756,46.53095,14.68552,25.4,26
3757,46.53095,14.79332,15.6,26
3758,46.53095,14.90112,14.1,26
3759,46.53095,15.00892,26.0,26
3760,46.53095,15.11671,16.5,26
3761,46.53095,15.22451,15.1,26
3762,46.53095,15.33231,15.4,26
3763,46.53095,15.44011,16.4,26
3764,46.53095,15.54791,13.2,26
3765,46.53095,15.6557,11.6,26
3766,46.53095,15.7635,10.0,26
3767,46.53095,15.8713,8.4,26
3768,46.53095,15.9791,9.9,26
3769,46.53095,16.0869,9.1,26
3770,46.53095,16.19469,15.0,26
3771,46.53095,16.30249,8.2,26
3772,46.53095,16.41029,9.6,26
3773,46.53095,16.51809,10.8,26
3774,46.53095,16.62588,13.7,26
3775,46.53095,16.73368,11.5,26
3776,46.53095,16.84148,7.9,26
3777,46.53095,16.94928,0.7,26
3778,46.53095,17.05708,4.4,26
3779,46.53095,17.16487,10.5,26
3780,46.45674,5.9539,6.8,26
3781,46.45674,6.0617,30.8,26
3782,46.45674,6.16949,4.2,26
3783,46.45674,6.27729,10.4,26
3784,46.45674,6.38509,14.8,26
3785,46.45674,6.49289,21.6,26
3786,46.45674,6.60069,18.9,26
3787,46.45674,6.70848,20.2,26
3788,46.45674,6.81628,20.1,26
3789,46.45674,6.92408,25.5,26
3790,46.45674,7.03188,18.0,26
3791,46.45674,7.13968,34.8,26
3792,46.45674,7.24747,21.4,26
3793,46.45674,7.35527,30.3,26
3794,46.45674,7.46307,40.4,26
3795,46.45674,7.57087,49.2,26
3796,46.45674,7.67866,0.0,26
3797,46.45674,7.78646,3.1,26
3798,46.45674,7.89426,1.2,26
3799,46.45674,8.00206,1.9,26
3800,46.45674,8.10986,1.4,26
3801,46.45674,8.21765,0.3,26
3802,46.45674,8.32545,4.3,26
3803,46.45674,8.43325,1.4,26
3804,46.45674,8.54105,12.6,26
3805,46.45674,8.64884,15.2,26
3806,46.45674,8.75664,30.9,26
3807,46.45674,8.86444,15.1,26
3808,46.45674,8.97224,2.7,26
3809,46.45674,9.08004,0.0,26
3810,46.45674,9.18783,0.0,26
3811,46.45674,9.29563,27.7,26
3812,46.45674,9.40343,18.7,26
3813,46.45674,9.51123,45.6,26
3814,46.45674,9.61903,13.8,26
3815,46.45674,9.72682,8.7,26
3816,46.45674,9.83462,38.3,26
3817,46.45674,9.94242,35.8,26
3818,46.45674,10.05022,43.4,26
3819,46.45674,10.15801,33.9,26
3820,46.45674,10.26581,27.4,26
3821,46.45674,10.37361,35.6,26
3822,46.45674,10.48141,69.3,26
3823,46.45674,10.58921,14.0,26
3824,46.45674,10.697,4.3,26
3825,46.45674,10.8048,6.4,26
3826,46.45674,10.9126,22.5,26
3827,46.45674,11.0204,18.3,26
3828,46.45674,11.12819,15.8,26
3829,46.45674,11.23599,13.7,26
3830,46.45674,11.34379,12.8,26
3831,46.45674,11.45159,18.4,26
3832,46.45674,11.55939,24.3,26
3833,46.45674,11.66718,14.9,26
3834,46.45674,11.77498,25.4,26
3835,46.45674,11.88278,24.3,26
3836,46.45674,11.99058,30.9,26
3837,46.45674,12.09838,34.8,26
3838,46.45674,12.20617,35.9,26
3839,46.45674,12.31397,31.2,26
3840,46.45674,12.42177,71.0,26
3841,46.45674,12.52957,38.1,26
3842,46.45674,12.63736,94.6,26
3843,46.45674,12.74516,91.2,26
3844,46.45674,12.85296,167.8,26
3845,46.45674,12.96076,234.2,26
3846,46.45674,13.06856,25.6,25
3847,46.45674,13.17635,72.2,25
3848,46.45674,13.28415,20.9,25
3849,46.45674,13.39195,82.9,25
3850,46.45674,13.49975,23.8,25
3851,46.45674,13.60755,4.0,25
3852,46.45674,13.71534,6.5,25
3853,46.45674,13.82314,861.7,25
3854,46.45674,13.93094,15.6,25
3855,46.45674,14.03874,130.5,26
3856,46.45674,14.14653,192.5,26
3857,46.45674,14.25433,157.2,26
3858,46.45674,14.36213,68.5,26
3859,46.45674,14.46993,43.9,26
3860,46.45674,14.57773,46.9,26
3861,46.45674,14.68552,2.7,26
3862,46.45674,14.79332,13.3,26
3863,46.45674,14.90112,21.4,26
3864,46.45674,15.00892,11.4,26
3865,46.45674,15.11671,18.6,26
3866,46.45674,15.22451,12.3,26
3867,46.45674,15.33231,13.7,26
3868,46.45674,15.44011,14.0,26
3869,46.45674,15.54791,11.8,26
3870,46.45674,15.6557,14.1,26
3871,46.45674,15.7635,13.6,26
3872,46.45674,15.8713,11.2,26
3873,46.45674,15.9791,8.0,26
3874,46.45674,16.0869,5.1,26
3875,46.45674,16.19469,9.4,26
3876,46.45674,16.30249,20.3,26
3877,46.45674,16.41029,13.6,26
3878,46.45674,16.51809,9.1,26
3879,46.45674,16.62588,9.4,26
3880,46.45674,16.73368,7.3,26
3881,46.45674,16.84148,8.2,26
3882,46.45674,16.94928,11.9,26
3883,46.45674,17.05708,8.7,26
3884,46.45674,17.16487,17.3,26
3885,46.38243,5.9539,19.3,26
3886,46.38243,6.0617,10.5,26
3887,46.38243,6.16949,8.8,26
3888,46.38243,6.27729,12.8,26
3889,46.38243,6.38509,12.2,26
3890,46.38243,6.49289,10.7,26
3891,46.38243,6.60069,13.7,26
3892,46.38243,6.70848,27.4,26
3893,46.38243,6.81628,20.3,26
3894,46.38243,6.92408,26.9,26
3895,46.38243,7.03188,31.2,26
3896,46.38243,7.13968,33.0,26
3897,46.38243,7.24747,20.4,26
3898,46.38243,7.35527,27.1,26
3899,46.38243,7.46307,31.4,26
3900,46.38243,7.57087,1.1,26
3901,46.38243,7.67866,26.9,26
3902,46.38243,7.78646,28.1,26
3903,46.38243,7.89426,6.5,26
3904,46.38243,8.00206,2.1,26
3905,46.38243,8.10986,6.8,26
3906,46.38243,8.21765,8.1,26
3907,46.38243,8.32545,3.7,26
3908,46.38243,8.43325,3.3,26
3909,46.38243,8.54105,18.1,26
3910,46.38243,8.64884,43.4,26
3911,46.38243,8.75664,12.4,26
3912,46.38243,8.86444,2.6,26
3913,46.38243,8.97224,4.5,26
3914,46.38243,9.08004,0.0,26
3915,46.38243,9.18783,6.5,26
3916,46.38243,9.29563,33.4,26
3917,46.38243,9.40343,67.2,26
3918,46.38243,9.51123,44.1,26
3919,46.38243,9.61903,30.6,26
3920,46.38243,9.72682,6.8,26
3921,46.38243,9.83462,33.6,26
3922,46.38243,9.94242,12.8,26
3923,46.38243,10.05022,33.1,26
3924,46.38243,10.15801,35.0,26
3925,46.38243,10.26581,36.2,26
3926,46.38243,10.37361,32.9,26
3927,46.38243,10.48141,34.1,26
3928,46.38243,10.58921,36.9,26
3929,46.38243,10.697,28.1,26
3930,46.38243,10.8048,24.0,26
3931,46.38243,10.9126,26.0,26
3932,46.38243,11.0204,21.1,26
3933,46.38243,11.12819,19.1,26
3934,46.38243,11.23599,16.4,26
3935,46.38243,11.34379,18.9,26
3936,46.38243,11.45159,22.7,26
3937,46.38243,11.55939,13.8,26
3938,46.38243,11.66718,23.7,26
3939,46.38243,11.77498,27.5,26
3940,46.38243,11.88278,44.8,26
3941,46.38243,11.99058,39.7,26
3942,46.38243,12.09838,58.1,26
3943,46.38243,12.20617,53.6,26
3944,46.38243,12.31397,68.6,26
3945,46.38243,12.42177,104.9,26
3946,46.38243,12.52957,80.0,26
3947,46.38243,12.63736,81.8,26
3948,46.38243,12.74516,113.7,26
3949,46.38243,12.85296,93.0,26
3950,46.38243,12.96076,78.6,26
3951,46.38243,13.06856,136.1,25
3952,46.38243,13.17635,331.6,25
3953,46.38243,13.28415,1151.8,25
3954,46.38243,13.39195,341.1,25
3955,46.38243,13.49975,131.4,25
3956,46.38243,13.60755,176.6,25
3957,46.38243,13.71534,7.1,25
3958,46.38243,13.82314,7.5,25
3959,46.38243,13.93094,542.0,25
3960,46.38243,14.03874,52.9,26
3961,46.38243,14.14653,60.5,26
3962,46.38243,14.25433,66.1,26
3963,46.38243,14.36213,91.2,26
3964,46.38243,14.46993,1143.0,26
3965,46.38243,14.57773,2.5,26
3966,46.38243,14.68552,122.2,26
3967,46.38243,14.79332,24.2,26
3968,46.38243,14.90112,13.2,26
3969,46.38243,15.00892,69.7,26
3970,46.38243,15.11671,10.4,26
3971,46.38243,15.22451,4.1,26
3972,46.38243,15.33231,12.0,26
3973,46.38243,15.44011,16.3,26
3974,46.38243,15.54791,12.0,26
3975,46.38243,15.6557,5.9,26
3976,46.38243,15.7635,15.3,26
3977,46.38243,15.8713,7.8,26
3978,46.38243,15.9791,13.9,26
3979,46.38243,16.0869,15.1,26
3980,46.38243,16.19469,12.5,26
3981,46.38243,16.30249,14.1,26
3982,46.38243,16.41029,12.5,26
3983,46.38243,16.51809,11.7,26
3984,46.38243,16.62588,13.5,26
3985,46.38243,16.73368,7.9,26
3986,46.38243,16.84148,14.6,26
3987,46.38243,16.94928,14.1,26
3988,46.38243,17.05708,9.9,26
3989,46.38243,17.16487,16.9,26
3990,46.30801,5.9539,6.5,26
3991,46.30801,6.0617,9.2,26
3992,46.30801,6.16949,9.0,26
3993,46.30801,6.27729,9.2,26
3994,46.30801,6.38509,11.1,26
3995,46.30801,6.49289,15.6,26
3996,46.30801,6.60069,12.8,26
3997,46.30801,6.70848,17.0,26
3998,46.30801,6.81628,27.0,26
3999,46.30801,6.92408,67.2,26
4000,46.30801,7.03188,46.1,26
4001,46.30801,7.13968,48.3,26
4002,46.30801,7.24747,22.9,26
4003,46.30801,7.35527,40.2,26
4004,46.30801,7.46307,38.5,26
4005,46.30801,7.57087,39.2,26
4006,46.30801,7.67866,0.2,26
4007,46.30801,7.78646,29.6,26
4008,46.30801,7.89426,2.1,26
4009,46.30801,8.00206,17.4,26
4010,46.30801,8.10986,4.3,26
4011,46.30801,8.21765,0.7,26
4012,46.30801,8.32545,4.3,26
4013,46.30801,8.43325,12.0,26
4014,46.30801,8.54105,11.9,26
4015,46.30801,8.64884,28.8,26
4016,46.30801,8.75664,8.6,26
4017,46.30801,8.86444,3.9,26
4018,46.30801,8.97224,4.7,26
4019,46.30801,9.08004,0.0,26
4020,46.30801,9.18783,21.7,26
4021,46.30801,9.29563,36.4,26
4022,46.30801,9.40343,47.1,26
4023,46.30801,9.51123,47.9,26
4024,46.30801,9.61903,60.8,26
4025,46.30801,9.72682,26.5,26
4026,46.30801,9.83462,25.9,26
4027,46.30801,9.94242,19.8,26
4028,46.30801,10.05022,31.6,26
4029,46.30801,10.15801,35.5,26
4030,46.30801,10.26581,32.4,26
4031,46.30801,10.37361,28.1,26
4032,46.30801,10.48141,32.7,26
4033,46.30801,10.58921,30.6,26
4034,46.30801,10.697,30.0,26
4035,46.30801,10.8048,27.5,26
4036,46.30801,10.9126,23.3,26
4037,46.30801,11.0204,20.8,26
4038,46.30801,11.12819,20.9,26
4039,46.30801,11.23599,16.8,26
4040,46.30801,11.34379,27.1,26
4041,46.30801,11.45159,18.7,26
4042,46.30801,11.55939,22.7,26
4043,46.30801,11.66718,34.9,26
4044,46.30801,11.77498,32.0,26
4045,46.30801,11.88278,64.8,26
4046,46.30801,11.99058,54.2,26
4047,46.30801,12.09838,48.8,26
4048,46.30801,12.20617,64.4,26
4049,46.30801,12.31397,93.9,26
4050,46.30801,12.42177,68.1,26
4051,46.30801,12.52957,85.4,26
4052,46.30801,12.63736,63.7,26
4053,46.30801,12.74516,83.4,26
4054,46.30801,12.85296,100.2,26
4055,46.30801,12.96076,107.1,25
4056,46.30801,13.06856,106.9,25
4057,46.30801,13.17635,143.2,25
4058,46.30801,13.28415,116.1,25
4059,46.30801,13.39195,249.3,25
4060,46.30801,13.49975,283.8,25
4061,46.30801,13.60755,255.1,25
4062,46.30801,13.71534,61.0,25
4063,46.30801,13.82314,18.6,25
4064,46.30801,13.93094,140.1,25
4065,46.30801,14.03874,86.8,26
4066,46.30801,14.14653,114.3,26
4067,46.30801,14.25433,76.3,26
4068,46.30801,14.36213,57.5,26
4069,46.30801,14.46993,46.1,26
4070,46.30801,14.57773,106.1,26
4071,46.30801,14.68552,106.4,26
4072,46.30801,14.79332,48.5,26
4073,46.30801,14.90112,30.8,26
4074,46.30801,15.00892,58.1,26
4075,46.30801,15.11671,70.8,26
4076,46.30801,15.22451,46.1,26
4077,46.30801,15.33231,15.6,26
4078,46.30801,15.44011,10.6,26
4079,46.30801,15.54791,16.4,26
4080,46.30801,15.6557,17.3,26
4081,46.30801,15.7635,14.1,26
4082,46.30801,15.8713,17.3,26
4083,46.30801,15.9791,16.2,26
4084,46.30801,16.0869,17.1,26
4085,46.30801,16.19469,14.5,26
4086,46.30801,16.30249,14.3,26
4087,46.30801,16.41029,11.6,26
4088,46.30801,16.51809,13.1,26
4089,46.30801,16.62588,14.0,26
4090,46.30801,16.73368,10.9,26
4091,46.30801,16.84148,13.6,26
4092,46.30801,16.94928,9.2,26
4093,46.30801,17.05708,8.7,26
4094,46.30801,17.16487,14.7,26
4095,46.2335,5.9539,7.7,26
4096,46.2335,6.0617,9.0,26
4097,46.2335,6.16949,6.3,26
4098,46.2335,6.27729,9.2,26
4099,46.2335,6.38509,8.9,26
4100,46.2335,6.49289,11.8,26
4101,46.2335,6.60069,15.2,26
4102,46.2335,6.70848,19.9,26
4103,46.2335,6.81628,29.4,26
4104,46.2335,6.92408,28.9,26
4105,46.2335,7.03188,27.7,26
4106,46.2335,7.13968,40.3,26
4107,46.2335,7.24747,25.2,26
4108,46.2335,7.35527,24.6,26
4109,46.2335,7.46307,35.5,26
4110,46.2335,7.57087,33.2,26
4111,46.2335,7.67866,33.8,26
4112,46.2335,7.78646,31.2,26
4113,46.2335,7.89426,14.5,26
4114,46.2335,8.00206,12.3,26
4115,46.2335,8.10986,2.6,26
4116,46.2335,8.21765,12.4,26
4117,46.2335,8.32545,4.7,26
4118,46.2335,8.43325,4.9,26
4119,46.2335,8.54105,17.4,26
4120,46.2335,8.64884,25.9,26
4121,46.2335,8.75664,31.0,26
4122,46.2335,8.86444,27.9,26
4123,46.2335,8.97224,0.9,26
4124,46.2335,9.08004,46.6,26
4125,46.2335,9.18783,118.1,26
4126,46.2335,9.29563,55.5,26
4127,46.2335,9.40343,78.4,26
4128,46.2335,9.51123,41.6,26
4129,46.2335,9.61903,60.8,26
4130,46.2335,9.72682,71.8,26
4131,46.2335,9.83462,69.1,26
4132,46.2335,9.94242,54.3,26
4133,46.2335,10.05022,38.9,26
4134,46.2335,10.15801,33.2,26
4135,46.2335,10.26581,35.5,26
4136,46.2335,10.37361,39.3,26
4137,46.2335,10.48141,33.0,26
4138,46.2335,10.58921,31.9,26
4139,46.2335,10.697,27.5,26
4140,46.2335,10.8048,27.2,26
4141,46.2335,10.9126,28.0,26
4142,46.2335,11.0204,21.7,26
4143,46.2335,11.12819,18.9,26
4144,46.2335,11.23599,14.9,26
4145,46.2335,11.34379,17.7,26
4146,46.2335,11.45159,20.2,26
4147,46.2335,11.55939,36.8,26
4148,46.2335,11.66718,104.9,26
4149,46.2335,11.77498,82.6,26
4150,46.2335,11.88278,63.4,26
4151,46.2335,11.99058,84.5,26
4152,46.2335,12.09838,67.9,26
4153,46.2335,12.20617,80.4,26
4154,46.2335,12.31397,61.7,26
4155,46.2335,12.42177,95.2,26
4156,46.2335,12.52957,91.3,26
4157,46.2335,12.63736,90.8,26
4158,46.2335,12.74516,93.3,26
4159,46.2335,12.85296,77.1,26
4160,46.2335,12.96076,96.1,25
4161,46.2335,13.06856,96.4,25
4162,46.2335,13.17635,89.8,25
4163,46.2335,13.28415,98.7,25
4164,46.2335,13.39195,113.9,25
4165,46.2335,13.49975,113.7,25
4166,46.2335,13.60755,145.1,25
4167,46.2335,13.71534,223.5,25
4168,46.2335,13.82314,171.0,25
4169,46.2335,13.93094,7.1,25
4170,46.2335,14.03874,173.7,26
4171,46.2335,14.14653,70.2,26
4172,46.2335,14.25433,63.1,26
4173,46.2335,14.36213,83.8,26
4174,46.2335,14.46993,84.7,26
4175,46.2335,14.57773,71.2,26
4176,46.2335,14.68552,64.6,26
4177,46.2335,14.79332,14.4,26
4178,46.2335,14.90112,46.3,26
4179,46.2335,15.00892,43.9,26
4180,46.2335,15.11671,24.4,26
4181,46.2335,15.22451,42.4,26
4182,46.2335,15.33231,37.9,26
4183,46.2335,15.44011,24.3,26
4184,46.2335,15.54791,20.6,26
4185,46.2335,15.6557,15.0,26
4186,46.2335,15.7635,11.1,26
4187,46.2335,15.8713,16.1,26
4188,46.2335,15.9791,13.9,26
4189,46.2335,16.0869,13.3,26
4190,46.2335,16.19469,17.3,26
4191,46.2335,16.30249,12.8,26
4192,46.2335,16.41029,12.2,26
4193,46.2335,16.51809,12.7,26
4194,46.2335,16.62588,12.6,26
4195,46.2335,16.73368,13.3,26
4196,46.2335,16.84148,19.3,26
4197,46.2335,16.94928,13.0,26
4198,46.2335,17.05708,10.3,26
4199,46.2335,17.16487,15.9,26
4200,46.15888,5.9539,8.0,26
4201,46.15888,6.0617,10.4,26
4202,46.15888,6.16949,6.2,26
4203,46.15888,6.27729,10.2,26
4204,46.15888,6.38509,8.1,26
4205,46.15888,6.49289,5.8,26
4206,46.15888,6.60069,18.8,26
4207,46.15888,6.70848,16.8,26
4208,46.15888,6.81628,29.9,26
4209,46.15888,6.92408,43.3,26
4210,46.15888,7.03188,33.4,26
4211,46.15888,7.13968,30.1,26
4212,46.15888,7.24747,19.8,26
4213,46.15888,7.35527,24.3,26
4214,46.15888,7.46307,19.1,26
4215,46.15888,7.57087,25.8,26
4216,46.15888,7.67866,28.3,26
4217,46.15888,7.78646,0.8,26
4218,46.15888,7.89426,0.6,26
4219,46.15888,8.00206,2.8,26
4220,46.15888,8.10986,16.4,26
4221,46.15888,8.21765,22.6,26
4222,46.15888,8.32545,42.8,26
4223,46.15888,8.43325,15.4,26
4224,46.15888,8.54105,8.1,26
4225,46.15888,8.64884,13.1,26
4226,46.15888,8.75664,27.9,26
4227,46.15888,8.86444,44.2,26
4228,46.15888,8.97224,41.4,26
4229,46.15888,9.08004,45.4,26
4230,46.15888,9.18783,47.1,26
4231,46.15888,9.29563,78.8,26
4232,46.15888,9.40343,116.3,26
4233,46.15888,9.51123,108.7,26
4234,46.15888,9.61903,73.5,26
4235,46.15888,9.72682,84.7,26
4236,46.15888,9.83462,88.1,26
4237,46.15888,9.94242,70.5,26
4238,46.15888,10.05022,58.2,26
4239,46.15888,10.15801,28.6,26
4240,46.15888,10.26581,35.2,26
4241,46.15888,10.37361,29.1,26
4242,46.15888,10.48141,30.7,26
4243,46.15888,10.58921,25.3,26
4244,46.15888,10.697,25.4,26
4245,46.15888,10.8048,21.2,26
4246,46.15888,10.9126,20.8,26
4247,46.15888,11.0204,20.6,26
4248,46.15888,11.12819,17.2,26
4249,46.15888,11.23599,14.9,26
4250,46.15888,11.34379,48.1,26
4251,46.15888,11.45159,59.0,26
4252,46.15888,11.55939,59.2,26
4253,46.15888,11.66718,73.2,26
4254,46.15888,11.77498,77.6,26
4255,46.15888,11.88278,71.5,26
4256,46.15888,11.99058,46.5,26
4257,46.15888,12.09838,67.3,26
4258,46.15888,12.20617,72.2,26
4259,46.15888,12.31397,95.1,26
4260,46.15888,12.42177,65.1,26
4261,46.15888,12.52957,62.5,26
4262,46.15888,12.63736,89.9,26
4263,46.15888,12.74516,94.3,26
4264,46.15888,12.85296,111.0,26
4265,46.15888,12.96076,93.0,25
4266,46.15888,13.06856,93.0,25
4267,46.15888,13.17635,100.4,25
4268,46.15888,13.28415,94.5,25
4269,46.15888,13.39195,101.0,25
4270,46.15888,13.49975,100.7,25
4271,46.15888,13.60755,94.8,25
4272,46.15888,13.71534,80.5,25
4273,46.15888,13.82314,101.2,25
4274,46.15888,13.93094,93.8,25
4275,46.15888,14.03874,69.9,26
4276,46.15888,14.14653,23.8,26
4277,46.15888,14.25433,48.5,26
4278,46.15888,14.36213,59.0,26
4279,46.15888,14.46993,60.8,26
4280,46.15888,14.57773,62.9,26
4281,46.15888,14.68552,59.6,26
4282,46.15888,14.79332,85.0,26
4283,46.15888,14.90112,27.5,26
4284,46.15888,15.00892,57.2,26
4285,46.15888,15.11671,45.1,26
4286,46.15888,15.22451,39.9,26
4287,46.15888,15.33231,52.3,26
4288,46.15888,15.44011,55.2,26
4289,46.15888,15.54791,17.3,26
4290,46.15888,15.6557,14.5,26
4291,46.15888,15.7635,13.1,26
4292,46.15888,15.8713,18.9,26
4293,46.15888,15.9791,13.2,26
4294,46.15888,16.0869,9.5,26
4295,46.15888,16.19469,11.3,26
4296,46.15888,16.30249,10.0,26
4297,46.15888,16.41029,11.6,26
4298,46.15888,16.51809,14.1,26
4299,46.15888,16.62588,14.8,26
4300,46.15888,16.73368,18.3,26
4301,46.15888,16.84148,16.4,26
4302,46.15888,16.94928,9.6,26
4303,46.15888,17.05708,9.8,26
4304,46.15888,17.16487,52.4,26
4305,46.08416,5.9539,10.2,26
4306,46.08416,6.0617,10.6,26
4307,46.08416,6.16949,5.8,26
4308,46.08416,6.27729,9.0,26
4309,46.08416,6.38509,9.4,26
4310,46.08416,6.49289,19.2,26
4311,46.08416,6.60069,13.0,26
4312,46.08416,6.70848,37.4,26
4313,46.08416,6.81628,39.0,26
4314,46.08416,6.92408,28.1,26
4315,46.08416,7.03188,30.8,26
4316,46.08416,7.13968,21.3,26
4317,46.08416,7.24747,17.2,26
4318,46.08416,7.35527,17.0,26
4319,46.08416,7.46307,20.0,26
4320,46.08416,7.57087,20.6,26
4321,46.08416,7.67866,20.1,26
4322,46.08416,7.78646,0.2,26
4323,46.08416,7.89426,6.4,26
4324,46.08416,8.00206,6.6,26
4325,46.08416,8.10986,21.2,26
4326,46.08416,8.21765,15.4,26
4327,46.08416,8.32545,15.8,26
4328,46.08416,8.43325,2.7,26
4329,46.08416,8.54105,22.2,26
4330,46.08416,8.64884,34.1,26
4331,46.08416,8.75664,95.9,26
4332,46.08416,8.86444,47.1,26
4333,46.08416,8.97224,27.7,26
4334,46.08416,9.08004,60.8,26
4335,46.08416,9.18783,75.2,26
4336,46.08416,9.29563,127.3,26
4337,46.08416,9.40343,102.6,26
4338,46.08416,9.51123,118.8,26
4339,46.08416,9.61903,92.4,26
4340,46.08416,9.72682,86.8,26
4341,46.08416,9.83462,91.2,26
4342,46.08416,9.94242,85.3,26
4343,46.08416,10.05022,91.8,26
4344,46.08416,10.15801,42.4,26
4345,46.08416,10.26581,48.5,26
4346,46.08416,10.37361,47.5,26
4347,46.08416,10.48141,45.0,26
4348,46.08416,10.58921,32.5,26
4349,46.08416,10.697,43.9,26
4350,46.08416,10.8048,28.5,26
4351,46.08416,10.9126,20.0,26
4352,46.08416,11.0204,21.4,26
4353,46.08416,11.12819,17.4,26
4354,46.08416,11.23599,21.6,26
4355,46.08416,11.34379,55.7,26
4356,46.08416,11.45159,49.6,26
4357,46.08416,11.55939,42.7,26
4358,46.08416,11.66718,45.9,26
4359,46.08416,11.77498,74.0,26
4360,46.08416,11.88278,50.3,26
4361,46.08416,11.99058,34.4,26
4362,46.08416,12.09838,82.9,26
4363,46.08416,12.20617,51.6,26
4364,46.08416,12.31397,57.2,26
4365,46.08416,12.42177,69.7,26
4366,46.08416,12.52957,67.9,26
4367,46.08416,12.63736,107.8,26
4368,46.08416,12.74516,86.9,26
4369,46.08416,12.85296,66.5,25
4370,46.08416,12.96076,99.6,25
4371,46.08416,13.06856,101.0,25
4372,46.08416,13.17635,96.4,25
4373,46.08416,13.28415,97.8,25
4374,46.08416,13.39195,77.4,25
4375,46.08416,13.49975,89.5,25
4376,46.08416,13.60755,90.1,25
4377,46.08416,13.71534,61.8,25
4378,46.08416,13.82314,87.6,25
4379,46.08416,13.93094,78.0,25
4380,46.08416,14.03874,71.5,25
4381,46.08416,14.14653,108.6,26
4382,46.08416,14.25433,80.2,26
4383,46.08416,14.36213,75.5,26
4384,46.08416,14.46993,82.8,26
4385,46.08416,14.57773,67.0,26
4386,46.08416,14.68552,68.3,26
4387,46.08416,14.79332,68.9,26
4388,46.08416,14.90112,5.4,26
4389,46.08416,15.00892,7.7,26
4390,46.08416,15.11671,29.1,26
4391,46.08416,15.22451,14.9,26
4392,46.08416,15.33231,58.4,26
4393,46.08416,15.44011,39.9,26
4394,46.08416,15.54791,30.8,26
4395,46.08416,15.6557,15.0,26
4396,46.08416,15.7635,14.3,26
4397,46.08416,15.8713,17.4,26
4398,46.08416,15.9791,11.9,26
4399,46.08416,16.0869,12.1,26
4400,46.08416,16.19469,12.3,26
4401,46.08416,16.30249,9.1,26
4402,46.08416,16.41029,10.7,26
4403,46.08416,16.51809,16.6,26
4404,46.08416,16.62588,17.5,26
4405,46.08416,16.73368,17.0,26
4406,46.08416,16.84148,8.5,26
4407,46.08416,16.94928,15.8,26
4408,46.08416,17.05708,36.1,26
4409,46.08416,17.16487,26.7,26
4410,46.00934,5.9539,10.8,26
4411,46.00934,6.0617,8.8,26
4412,46.00934,6.16949,8.8,26
4413,46.00934,6.27729,11.4,26
4414,46.00934,6.38509,18.5,26
4415,46.00934,6.49289,17.3,26
4416,46.00934,6.60069,24.7,26
4417,46.00934,6.70848,28.2,26
4418,46.00934,6.81628,52.3,26
4419,46.00934,6.92408,43.8,26
4420,46.00934,7.03188,27.9,26
4421,46.00934,7.13968,16.0,26
4422,46.00934,7.24747,12.1,26
4423,46.00934,7.35527,11.7,26
4424,46.00934,7.46307,13.9,26
4425,46.00934,7.57087,16.3,26
4426,46.00934,7.67866,1.6,26
4427,46.00934,7.78646,1.7,26
4428,46.00934,7.89426,3.8,26
4429,46.00934,8.00206,2.0,26
4430,46.00934,8.10986,27.0,26
4431,46.00934,8.21765,27.0,26
4432,46.00934,8.32545,12.2,26
4433,46.00934,8.43325,15.5,26
4434,46.00934,8.54105,23.2,26
4435,46.00934,8.64884,30.2,26
4436,46.00934,8.75664,36.1,26
4437,46.00934,8.86444,28.8,26
4438,46.00934,8.97224,27.7,26
4439,46.00934,9.08004,72.6,26
4440,46.00934,9.18783,98.1,26
4441,46.00934,9.29563,84.5,26
4442,46.00934,9.40343,51.4,26
4443,46.00934,9.51123,76.3,26
4444,46.00934,9.61903,81.7,26
4445,46.00934,9.72682,94.1,26
4446,46.00934,9.83462,114.9,26
4447,46.00934,9.94242,107.0,26
4448,46.00934,10.05022,100.1,26
4449,46.00934,10.15801,69.2,26
4450,46.00934,10.26581,77.8,26
4451,46.00934,10.37361,51.3,26
4452,46.00934,10.48141,37.1,26
4453,46.00934,10.58921,29.1,26
4454,46.00934,10.697,27.6,26
4455,46.00934,10.8048,45.4,26
4456,46.00934,10.9126,71.3,26
4457,46.00934,11.0204,23.1,26
4458,46.00934,11.12819,24.2,26
4459,46.00934,11.23599,21.6,26
4460,46.00934,11.34379,36.8,26
4461,46.00934,11.45159,43.1,26
4462,46.00934,11.55939,37.7,26
4463,46.00934,11.66718,45.4,26
4464,46.00934,11.77498,35.1,26
4465,46.00934,11.88278,39.8,26
4466,46.00934,11.99058,59.9,26
4467,46.00934,12.09838,53.3,26
4468,46.00934,12.20617,53.3,26
4469,46.00934,12.31397,67.9,26
4470,46.00934,12.42177,58.2,26
4471,46.00934,12.52957,76.4,26
4472,46.00934,12.63736,91.9,26
4473,46.00934,12.74516,91.9,26
4474,46.00934,12.85296,87.4,25
4475,46.00934,12.96076,73.4,25
4476,46.00934,13.06856,82.6,25
4477,46.00934,13.17635,92.8,25
4478,46.00934,13.28415,99.1,25
4479,46.00934,13.39195,75.0,25
4480,46.00934,13.49975,77.0,25
4481,46.00934,13.60755,74.5,25
4482,46.00934,13.71534,74.2,25
4483,46.00934,13.82314,96.6,25
4484,46.00934,13.93094,70.4,25
4485,46.00934,14.03874,113.7,25
4486,46.00934,14.14653,72.5,26
4487,46.00934,14.25433,60.8,26
4488,46.00934,14.36213,99.9,26
4489,46.00934,14.46993,68.0,26
4490,46.00934,14.57773,84.7,26
4491,46.00934,14.68552,63.6,26
4492,46.00934,14.79332,78.2,26
4493,46.00934,14.90112,66.9,26
4494,46.00934,15.00892,55.9,26
4495,46.00934,15.11671,78.6,26
4496,46.00934,15.22451,50.7,26
4497,46.00934,15.33231,36.3,26
4498,46.00934,15.44011,43.4,26
4499,46.00934,15.54791,48.1,26
4500,46.00934,15.6557,21.6,26
4501,46.00934,15.7635,11.7,26
4502,46.00934,15.8713,11.2,26
4503,46.00934,15.9791,16.9,26
4504,46.00934,16.0869,11.4,26
4505,46.00934,16.19469,6.9,26
4506,46.00934,16.30249,15.6,26
4507,46.00934,16.41029,21.3,26
4508,46.00934,16.51809,21.2,26
4509,46.00934,16.62588,15.7,26
4510,46.00934,16.73368,12.7,26
4511,46.00934,16.84148,20.9,26
4512,46.00934,16.94928,39.4,26
4513,46.00934,17.05708,28.9,26
4514,46.00934,17.16487,21.2,26
4515,45.93442,5.9539,8.3,26
4516,45.93442,6.0617,11.3,26
4517,45.93442,6.16949,13.9,26
4518,45.93442,6.27729,14.4,26
4519,45.93442,6.38509,21.2,26
4520,45.93442,6.49289,47.2,26
4521,45.93442,6.60069,50.0,26
4522,45.93442,6.70848,47.9,26
4523,45.93442,6.81628,28.1,26
4524,45.93442,6.92408,24.6,26
4525,45.93442,7.03188,2.9,26
4526,45.93442,7.13968,10.7,26
4527,45.93442,7.24747,10.3,26
4528,45.93442,7.35527,9.5,26
4529,45.93442,7.46307,8.4,26
4530,45.93442,7.57087,10.8,26
4531,45.93442,7.67866,0.2,26
4532,45.93442,7.78646,0.6,26
4533,45.93442,7.89426,130.4,26
4534,45.93442,8.00206,30.1,26
4535,45.93442,8.10986,29.7,26
4536,45.93442,8.21765,19.5,26
4537,45.93442,8.32545,14.2,26
4538,45.93442,8.43325,68.8,26
4539,45.93442,8.54105,37.4,26
4540,45.93442,8.64884,35.7,26
4541,45.93442,8.75664,29.1,26
4542,45.93442,8.86444,50.2,26
4543,45.93442,8.97224,32.1,26
4544,45.93442,9.08004,60.2,26
4545,45.93442,9.18783,90.8,26
4546,45.93442,9.29563,71.0,26
4547,45.93442,9.40343,62.7,26
4548,45.93442,9.51123,72.7,26
4549,45.93442,9.61903,90.7,26
4550,45.93442,9.72682,153.6,26
4551,45.93442,9.83462,184.1,26
4552,45.93442,9.94242,146.3,26
4553,45.93442,10.05022,90.0,26
4554,45.93442,10.15801,118.6,26
4555,45.93442,10.26581,78.4,26
4556,45.93442,10.37361,54.4,26
4557,45.93442,10.48141,47.6,26
4558,45.93442,10.58921,45.2,26
4559,45.93442,10.697,39.2,26
4560,45.93442,10.8048,37.7,26
4561,45.93442,10.9126,28.1,26
4562,45.93442,11.0204,48.0,26
4563,45.93442,11.12819,16.3,26
4564,45.93442,11.23599,66.9,26
4565,45.93442,11.34379,43.2,26
4566,45.93442,11.45159,51.7,26
4567,45.93442,11.55939,42.5,26
4568,45.93442,11.66718,36.5,26
4569,45.93442,11.77498,36.5,26
4570,45.93442,11.88278,57.8,26
4571,45.93442,11.99058,44.0,26
4572,45.93442,12.09838,55.0,26
4573,45.93442,12.20617,52.4,26
4574,45.93442,12.31397,63.5,26
4575,45.93442,12.42177,55.7,26
4576,45.93442,12.52957,78.2,26
4577,45.93442,12.63736,82.6,26
4578,45.93442,12.74516,66.7,26
4579,45.93442,12.85296,83.9,25
4580,45.93442,12.96076,71.6,25
4581,45.93442,13.06856,87.3,25
4582,45.93442,13.17635,88.9,25
4583,45.93442,13.28415,87.4,25
4584,45.93442,13.39195,69.5,25
4585,45.93442,13.49975,106.5,25
4586,45.93442,13.60755,62.0,25
4587,45.93442,13.71534,98.4,25
4588,45.93442,13.82314,100.6,25
4589,45.93442,13.93094,98.5,25
4590,45.93442,14.03874,89.3,25
4591,45.93442,14.14653,78.8,26
4592,45.93442,14.25433,77.7,26
4593,45.93442,14.36213,59.2,26
4594,45.93442,14.46993,87.2,26
4595,45.93442,14.57773,64.9,26
4596,45.93442,14.68552,63.6,26
4597,45.93442,14.79332,99.6,26
4598,45.93442,14.90112,64.6,26
4599,45.93442,15.00892,58.0,26
4600,45.93442,15.11671,53.8,26
4601,45.93442,15.22451,49.0,26
4602,45.93442,15.33231,42.6,26
4603,45.93442,15.44011,60.9,26
4604,45.93442,15.54791,59.5,26
4605,45.93442,15.6557,38.3,26
4606,45.93442,15.7635,29.4,26
4607,45.93442,15.8713,34.5,26
4608,45.93442,15.9791,21.3,26
4609,45.93442,16.0869,8.7,26
4610,45.93442,16.19469,6.3,26
4611,45.93442,16.30249,8.8,26
4612,45.93442,16.41029,14.5,26
4613,45.93442,16.51809,10.9,26
4614,45.93442,16.62588,12.7,26
4615,45.93442,16.73368,41.0,26
4616,45.93442,16.84148,31.2,26
4617,45.93442,16.94928,29.7,26
4618,45.93442,17.05708,32.1,26
4619,45.93442,17.16487,16.9,26
4620,45.8594,5.9539,8.9,26
4621,45.8594,6.0617,13.9,26
4622,45.8594,6.16949,16.6,26
4623,45.8594,6.27729,68.6,26
4624,45.8594,6.38509,41.6,26
4625,45.8594,6.49289,38.8,26
4626,45.8594,6.60069,34.5,26
4627,45.8594,6.70848,33.5,26
4628,45.8594,6.81628,47.7,26
4629,45.8594,6.92408,3.8,26
4630,45.8594,7.03188,4.1,26
4631,45.8594,7.13968,6.3,26
4632,45.8594,7.24747,11.4,26
4633,45.8594,7.35527,14.6,26
4634,45.8594,7.46307,11.8,26
4635,45.8594,7.57087,6.3,26
4636,45.8594,7.67866,9.4,26
4637,45.8594,7.78646,26.4,26
4638,45.8594,7.89426,19.2,26
4639,45.8594,8.00206,12.6,26
4640,45.8594,8.10986,24.5,26
4641,45.8594,8.21765,81.6,26
4642,45.8594,8.32545,47.6,26
4643,45.8594,8.43325,29.9,26
4644,45.8594,8.54105,28.7,26
4645,45.8594,8.64884,61.7,26
4646,45.8594,8.75664,59.8,26
4647,45.8594,8.86444,59.3,26
4648,45.8594,8.97224,115.7,26
4649,45.8594,9.08004,89.3,26
4650,45.8594,9.18783,104.9,26
4651,45.8594,9.29563,129.3,26
4652,45.8594,9.40343,142.9,26
4653,45.8594,9.51123,166.3,26
4654,45.8594,9.61903,138.8,26
4655,45.8594,9.72682,133.8,26
4656,45.8594,9.83462,81.7,26
4657,45.8594,9.94242,53.2,26
4658,45.8594,10.05022,68.8,26
4659,45.8594,10.15801,48.7,26
4660,45.8594,10.26581,67.9,26
4661,45.8594,10.37361,54.5,26
4662,45.8594,10.48141,86.6,26
4663,45.8594,10.58921,47.2,26
4664,45.8594,10.697,46.5,26
4665,45.8594,10.8048,39.6,26
4666,45.8594,10.9126,38.9,26
4667,45.8594,11.0204,22.0,26
4668,45.8594,11.12819,24.6,26
4669,45.8594,11.23599,40.6,26
4670,45.8594,11.34379,38.0,26
4671,45.8594,11.45159,35.1,26
4672,45.8594,11.55939,39.8,26
4673,45.8594,11.66718,36.0,26
4674,45.8594,11.77498,48.4,26
4675,45.8594,11.88278,47.8,26
4676,45.8594,11.99058,56.5,26
4677,45.8594,12.09838,38.0,26
4678,45.8594,12.20617,71.8,26
4679,45.8594,12.31397,54.7,26
4680,45.8594,12.42177,67.9,26
4681,45.8594,12.52957,72.9,26
4682,45.8594,12.63736,67.4,26
4683,45.8594,12.74516,59.3,25
4684,45.8594,12.85296,106.8,25
4685,45.8594,12.96076,114.2,25
4686,45.8594,13.06856,78.8,25
4687,45.8594,13.17635,95.0,25
4688,45.8594,13.28415,78.7,25
4689,45.8594,13.39195,109.6,25
4690,45.8594,13.49975,109.8,25
4691,45.8594,13.60755,122.1,25
4692,45.8594,13.71534,98.8,25
4693,45.8594,13.82314,69.0,25
4694,45.8594,13.93094,114.9,25
4695,45.8594,14.03874,132.3,25
4696,45.8594,14.14653,84.2,25
4697,45.8594,14.25433,72.8,26
4698,45.8594,14.36213,72.6,26
4699,45.8594,14.46993,79.0,26
4700,45.8594,14.57773,62.6,26
4701,45.8594,14.68552,75.1,26
4702,45.8594,14.79332,66.0,26
4703,45.8594,14.90112,55.5,26
4704,45.8594,15.00892,48.8,26
4705,45.8594,15.11671,48.3,26
4706,45.8594,15.22451,53.4,26
4707,45.8594,15.33231,58.1,26
4708,45.8594,15.44011,53.6,26
4709,45.8594,15.54791,45.3,26
4710,45.8594,15.6557,32.8,26
4711,45.8594,15.7635,33.6,26
4712,45.8594,15.8713,21.0,26
4713,45.8594,15.9791,22.3,26
4714,45.8594,16.0869,11.8,26
4715,45.8594,16.19469,8.2,26
4716,45.8594,16.30249,11.7,26
4717,45.8594,16.41029,12.2,26
4718,45.8594,16.51809,10.3,26
4719,45.8594,16.62588,48.4,26
4720,45.8594,16.73368,55.3,26
4721,45.8594,16.84148,48.3,26
4722,45.8594,16.94928,30.7,26
4723,45.8594,17.05708,23.6,26
4724,45.8594,17.16487,23.2,26
4725,45.78428,5.9539,16.9,26
4726,45.78428,6.0617,18.2,26
4727,45.78428,6.16949,94.3,26
4728,45.78428,6.27729,28.7,26
4729,45.78428,6.38509,30.4,26
4730,45.78428,6.49289,38.7,26
4731,45.78428,6.60069,39.6,26
4732,45.78428,6.70848,29.7,26
4733,45.78428,6.81628,31.6,26
4734,45.78428,6.92408,5.3,26
4735,45.78428,7.03188,14.0,26
4736,45.78428,7.13968,8.1,26
4737,45.78428,7.24747,8.2,26
4738,45.78428,7.35527,31.9,26
4739,45.78428,7.46307,8.7,26
4740,45.78428,7.57087,4.9,26
4741,45.78428,7.67866,8.0,26
4742,45.78428,7.78646,8.4,26
4743,45.78428,7.89426,14.7,26
4744,45.78428,8.00206,13.7,26
4745,45.78428,8.10986,17.6,26
4746,45.78428,8.21765,39.7,26
4747,45.78428,8.32545,36.2,26
4748,45.78428,8.43325,22.0,26
4749,45.78428,8.54105,20.1,26
4750,45.78428,8.64884,53.5,26
4751,45.78428,8.75664,35.3,26
4752,45.78428,8.86444,70.7,26
4753,45.78428,8.97224,82.3,26
4754,45.78428,9.08004,159.6,26
4755,45.78428,9.18783,155.7,26
4756,45.78428,9.29563,148.0,26
4757,45.78428,9.40343,165.4,26
4758,45.78428,9.51123,211.8,26
4759,45.78428,9.61903,149.6,26
4760,45.78428,9.72682,76.7,26
4761,45.78428,9.83462,72.9,26
4762,45.78428,9.94242,63.0,26
4763,45.78428,10.05022,57.3,26
4764,45.78428,10.15801,67.6,26
4765,45.78428,10.26581,58.4,26
4766,45.78428,10.37361,42.1,26
4767,45.78428,10.48141,47.5,26
4768,45.78428,10.58921,35.6,26
4769,45.78428,10.697,30.1,26
4770,45.78428,10.8048,26.8,26
4771,45.78428,10.9126,18.8,26
4772,45.78428,11.0204,19.0,26
4773,45.78428,11.12819,17.2,26
4774,45.78428,11.23599,45.2,26
4775,45.78428,11.34379,30.6,26
4776,45.78428,11.45159,39.4,26
4777,45.78428,11.55939,64.4,26
4778,45.78428,11.66718,33.3,26
4779,45.78428,11.77498,64.6,26
4780,45.78428,11.88278,50.0,26
4781,45.78428,11.99058,51.4,26
4782,45.78428,12.09838,81.9,26
4783,45.78428,12.20617,66.0,26
4784,45.78428,12.31397,50.4,26
4785,45.78428,12.42177,51.0,26
4786,45.78428,12.52957,59.1,26
4787,45.78428,12.63736,64.7,26
4788,45.78428,12.74516,92.3,25
4789,45.78428,12.85296,96.8,25
4790,45.78428,12.96076,94.7,25
4791,45.78428,13.06856,110.5,25
4792,45.78428,13.17635,144.2,25
4793,45.78428,13.28415,135.3,25
4794,45.78428,13.39195,128.2,25
4795,45.78428,13.49975,140.4,25
4796,45.78428,13.60755,81.5,25
4797,45.78428,13.71534,81.5,25
4798,45.78428,13.82314,58.9,25
4799,45.78428,13.93094,74.7,25
4800,45.78428,14.03874,96.9,25
4801,45.78428,14.14653,77.0,25
4802,45.78428,14.25433,68.2,26
4803,45.78428,14.36213,53.1,26
4804,45.78428,14.46993,55.4,26
4805,45.78428,14.57773,108.9,26
4806,45.78428,14.68552,46.4,26
4807,45.78428,14.79332,40.0,26
4808,45.78428,14.90112,58.4,26
4809,45.78428,15.00892,53.6,26
4810,45.78428,15.11671,60.7,26
4811,45.78428,15.22451,55.1,26
4812,45.78428,15.33231,38.9,26
4813,45.78428,15.44011,30.5,26
4814,45.78428,15.54791,39.2,26
4815,45.78428,15.6557,20.3,26
4816,45.78428,15.7635,23.1,26
4817,45.78428,15.8713,24.2,26
4818,45.78428,15.9791,23.1,26
4819,45.78428,16.0869,18.6,26
4820,45.78428,16.19469,10.7,26
4821,45.78428,16.30249,10.3,26
4822,45.78428,16.41029,12.2,26
4823,45.78428,16.51809,53.4,26
4824,45.78428,16.62588,51.6,26
4825,45.78428,16.73368,48.2,26
4826,45.78428,16.84148,43.3,26
4827,45.78428,16.94928,31.4,26
4828,45.78428,17.05708,22.3,26
4829,45.78428,17.16487,19.6,26
4830,45.70905,5.9539,19.3,26
4831,45.70905,6.0617,44.8,26
4832,45.70905,6.16949,44.5,26
4833,45.70905,6.27729,32.4,26
4834,45.70905,6.38509,35.5,26
4835,45.70905,6.49289,27.4,26
4836,45.70905,6.60069,24.5,26
4837,45.70905,6.70848,42.0,26
4838,45.70905,6.81628,30.7,26
4839,45.70905,6.92408,13.0,26
4840,45.70905,7.03188,3.0,26
4841,45.70905,7.13968,6.1,26
4842,45.70905,7.24747,5.2,26
4843,45.70905,7.35527,6.8,26
4844,45.70905,7.46307,3.5,26
4845,45.70905,7.57087,11.2,26
4846,45.70905,7.67866,14.7,26
4847,45.70905,7.78646,16.0,26
4848,45.70905,7.89426,14.3,26
4849,45.70905,8.00206,7.7,26
4850,45.70905,8.10986,13.1,26
4851,45.70905,8.21765,23.1,26
4852,45.70905,8.32545,13.5,26
4853,45.70905,8.43325,27.3,26
4854,45.70905,8.54105,49.4,26
4855,45.70905,8.64884,59.0,26
4856,45.70905,8.75664,107.5,26
4857,45.70905,8.86444,66.7,26
4858,45.70905,8.97224,75.2,26
4859,45.70905,9.08004,98.7,26
4860,45.70905,9.18783,119.9,26
4861,45.70905,9.29563,113.1,26
4862,45.70905,9.40343,116.7,26
4863,45.70905,9.51123,114.4,26
4864,45.70905,9.61903,73.0,26
4865,45.70905,9.72682,89.4,26
4866,45.70905,9.83462,81.7,26
4867,45.70905,9.94242,57.2,26
4868,45.70905,10.05022,46.8,26
4869,45.70905,10.15801,96.7,26
4870,45.70905,10.26581,51.7,26
4871,45.70905,10.37361,34.3,26
4872,45.70905,10.48141,56.4,26
4873,45.70905,10.58921,40.0,26
4874,45.70905,10.697,52.7,26
4875,45.70905,10.8048,19.8,26
4876,45.70905,10.9126,20.2,26
4877,45.70905,11.0204,28.2,26
4878,45.70905,11.12819,43.2,26
4879,45.70905,11.23599,42.8,26
4880,45.70905,11.34379,30.1,26
4881,45.70905,11.45159,44.9,26
4882,45.70905,11.55939,44.7,26
4883,45.70905,11.66718,22.9,26
4884,45.70905,11.77498,37.4,26
4885,45.70905,11.88278,26.8,26
4886,45.70905,11.99058,35.0,26
4887,45.70905,12.09838,45.4,26
4888,45.70905,12.20617,45.7,26
4889,45.70905,12.31397,39.4,26
4890,45.70905,12.42177,52.9,26
4891,45.70905,12.52957,92.2,26
4892,45.70905,12.63736,55.3,25
4893,45.70905,12.74516,95.3,25
4894,45.70905,12.85296,116.5,25
4895,45.70905,12.96076,112.3,25
4896,45.70905,13.06856,169.7,25
4897,45.70905,13.17635,165.8,25
4898,45.70905,13.28415,80.6,25
4899,45.70905,13.39195,63.0,25
4900,45.70905,13.49975,76.6,25
4901,45.70905,13.60755,90.1,25
4902,45.70905,13.71534,73.3,25
4903,45.70905,13.82314,79.6,25
4904,45.70905,13.93094,89.8,25
4905,45.70905,14.03874,96.8,25
4906,45.70905,14.14653,84.9,25
4907,45.70905,14.25433,67.8,26
4908,45.70905,14.36213,116.5,26
4909,45.70905,14.46993,49.6,26
4910,45.70905,14.57773,63.2,26
4911,45.70905,14.68552,53.6,26
4912,45.70905,14.79332,56.2,26
4913,45.70905,14.90112,58.7,26
4914,45.70905,15.00892,32.8,26
4915,45.70905,15.11671,65.1,26
4916,45.70905,15.22451,33.4,26
4917,45.70905,15.33231,39.1,26
4918,45.70905,15.44011,36.2,26
4919,45.70905,15.54791,18.4,26
4920,45.70905,15.6557,21.6,26
4921,45.70905,15.7635,27.9,26
4922,45.70905,15.8713,24.7,26
4923,45.70905,15.9791,24.3,26
4924,45.70905,16.0869,20.7,26
4925,45.70905,16.19469,13.2,26
4926,45.70905,16.30249,13.8,26
4927,45.70905,16.41029,58.8,26
4928,45.70905,16.51809,57.7,26
4929,45.70905,16.62588,67.2,26
4930,45.70905,16.73368,54.1,26
4931,45.70905,16.84148,47.7,26
4932,45.70905,16.94928,32.8,26
4933,45.70905,17.05708,23.5,26
4934,45.70905,17.16487,21.8,26
4935,45.63372,5.9539,19.8,26
4936,45.63372,6.0617,23.8,26
4937,45.63372,6.16949,44.9,26
4938,45.63372,6.27729,24.4,26
4939,45.63372,6.38509,22.2,26
4940,45.63372,6.49289,82.7,26
4941,45.63372,6.60069,23.7,26
4942,45.63372,6.70848,19.2,26
4943,45.63372,6.81628,18.0,26
4944,45.63372,6.92408,16.8,26
4945,45.63372,7.03188,7.4,26
4946,45.63372,7.13968,0.9,26
4947,45.63372,7.24747,3.1,26
4948,45.63372,7.35527,8.4,26
4949,45.63372,7.46307,5.7,26
4950,45.63372,7.57087,11.3,26
4951,45.63372,7.67866,14.5,26
4952,45.63372,7.78646,9.2,26
4953,45.63372,7.89426,11.6,26
4954,45.63372,8.00206,12.3,26
4955,45.63372,8.10986,39.8,26
4956,45.63372,8.21765,26.6,26
4957,45.63372,8.32545,35.4,26
4958,45.63372,8.43325,51.0,26
4959,45.63372,8.54105,44.0,26
4960,45.63372,8.64884,53.0,26
4961,45.63372,8.75664,45.3,26
4962,45.63372,8.86444,47.3,26
4963,45.63372,8.97224,60.4,26
4964,45.63372,9.08004,128.0,26
4965,45.63372,9.18783,144.6,26
4966,45.63372,9.29563,148.9,26
4967,45.63372,9.40343,98.4,26
4968,45.63372,9.51123,59.8,26
4969,45.63372,9.61903,80.2,26
4970,45.63372,9.72682,83.5,26
4971,45.63372,9.83462,39.4,26
4972,45.63372,9.94242,51.5,26
4973,45.63372,10.05022,101.6,26
4974,45.63372,10.15801,34.9,26
4975,45.63372,10.26581,29.5,26
4976,45.63372,10.37361,35.3,26
4977,45.63372,10.48141,28.9,26
4978,45.63372,10.58921,25.7,26
4979,45.63372,10.697,21.7,26
4980,45.63372,10.8048,19.5,26
4981,45.63372,10.9126,25.3,26
4982,45.63372,11.0204,19.0,26
4983,45.63372,11.12819,21.4,26
4984,45.63372,11.23599,25.8,26
4985,45.63372,11.34379,37.2,26
4986,45.63372,11.45159,35.3,26
4987,45.63372,11.55939,30.4,26
4988,45.63372,11.66718,48.3,26
4989,45.63372,11.77498,45.1,26
4990,45.63372,11.88278,32.1,26
4991,45.63372,11.99058,40.3,26
4992,45.63372,12.09838,38.9,26
4993,45.63372,12.20617,49.9,26
4994,45.63372,12.31397,66.2,26
4995,45.63372,12.42177,60.3,26
4996,45.63372,12.52957,49.5,26
4997,45.63372,12.63736,45.9,25
4998,45.63372,12.74516,90.7,25
4999,45.63372,12.85296,125.2,25
5000,45.63372,12.96076,148.3,25
5001,45.63372,13.06856,135.8,25
5002,45.63372,13.17635,130.2,25
5003,45.63372,13.28415,72.3,25
5004,45.63372,13.39195,117.0,25
5005,45.63372,13.49975,89.9,25
5006,45.63372,13.60755,105.3,25
5007,45.63372,13.71534,92.2,25
5008,45.63372,13.82314,99.0,25
5009,45.63372,13.93094,149.3,25
5010,45.63372,14.03874,101.0,25
5011,45.63372,14.14653,135.3,25
5012,45.63372,14.25433,60.2,25
5013,45.63372,14.36213,153.4,26
5014,45.63372,14.46993,70.0,26
5015,45.63372,14.57773,87.7,26
5016,45.63372,14.68552,66.2,26
5017,45.63372,14.79332,46.6,26
5018,45.63372,14.90112,47.6,26
5019,45.63372,15.00892,49.0,26
5020,45.63372,15.11671,16.0,26
5021,45.63372,15.22451,49.1,26
5022,45.63372,15.33231,24.3,26
5023,45.63372,15.44011,38.5,26
5024,45.63372,15.54791,27.1,26
5025,45.63372,15.6557,35.5,26
5026,45.63372,15.7635,26.8,26
5027,45.63372,15.8713,29.8,26
5028,45.63372,15.9791,22.8,26
5029,45.63372,16.0869,23.4,26
5030,45.63372,16.19469,17.9,26
5031,45.63372,16.30249,70.1,26
5032,45.63372,16.41029,58.3,26
5033,45.63372,16.51809,55.8,26
5034,45.63372,16.62588,55.3,26
5035,45.63372,16.73368,42.7,26
5036,45.63372,16.84148,35.8,26
5037,45.63372,16.94928,39.0,26
5038,45.63372,17.05708,22.8,26
5039,45.63372,17.16487,22.2,26
